industry,name,blended,attr,act,quad,investability,recurring,fragmentation,compliance,scale,margin,growth,headroom,reimbursement_risk,confidence,path
"Testing, Inspection & Certification","Work Equipment & PPE Inspection (Ladders, Racking, PSA against falls)",76.4,83.3,91.7,Act now,open,5,5,4,4,4,4,5,1,4,"Testing, Inspection & Certification value chain > Periodic Technical & Safety Inspection > Work Equipment & PPE Inspection (Ladders, Racking, PSA against falls)"
Medical,MVZ & practice-group external DSB (ambulatory),72.9,87.5,83.3,Act now,open,5,5,5,3,5,4,5,1,3,Medical value chain > Payers & Regulatory Ecosystem > Healthcare Data-Protection & Labelling Compliance Services > External Data-Protection Officer (DSB) for Healthcare > MVZ & practice-group external DSB (ambulatory)
Environmental Services,Immissionsschutz- & Störfallbeauftragter (§53/§58a BImSchG),72.9,87.5,83.3,Act now,open,5,5,5,3,5,4,5,1,3,"Environmental Services value chain > Environmental Consulting, Monitoring & Compliance > Outsourced Statutory Environmental Officers (Betriebsbeauftragte) > Immissionsschutz- & Störfallbeauftragter (§53/§58a BImSchG)"
Managed IT & Cybersecurity Services,Water / Wastewater Utility OT Security Monitoring,72.9,87.5,83.3,Act now,open,5,5,5,3,4,5,5,1,3,Managed IT & Cybersecurity Services value chain > Managed Security Services (SOC / MDR / SIEM) > OT / ICS Security Monitoring (Industrial SOC for KRITIS & manufacturing) > Water / Wastewater Utility OT Security Monitoring
"Testing, Inspection & Certification",External Brandschutzbeauftragte / Fire-Safety Officer outsourcing,72.6,79.2,91.7,Act now,open,4,5,5,3,4,4,5,1,4,"Testing, Inspection & Certification value chain > Fire & Occupational-Safety Inspection & Advisory > Fire-Safety Expert Inspection & Advisory (Brandschutz) > External Brandschutzbeauftragte / Fire-Safety Officer outsourcing"
Medical,Clinical engineering / MedTech maintenance (STK/MTK),71.8,78.3,91.7,Act now,open,5,4,5,4,4,4,5,2,4,"Medical value chain > Healthcare Services & Outsourcing > Hospital Facility, Hygiene & Technical Services > Clinical engineering / MedTech maintenance (STK/MTK)"
Medical,"Pharmacovigilance & drug-safety services (QPPV, PSUR, signal mgmt)",69.4,83.3,83.3,Act now,open,4,4,5,3,5,5,5,1,3,"Medical value chain > Pharmaceuticals & Biotech > Contract Research (CRO) & Clinical-Trial Support > Pharmacovigilance & drug-safety services (QPPV, PSUR, signal mgmt)"
Medical,EU-QPPV as a service,69.4,83.3,83.3,Act now,open,5,4,5,3,5,4,5,1,3,"Medical value chain > Payers & Regulatory Ecosystem > Regulatory Affairs, Market Access, HTA & Pharmacovigilance Services > Pharmacovigilance Outsourcing (QPPV / Stufenplanbeauftragter) > EU-QPPV as a service"
Building & Facility Technical Services,Lightning Protection & Surge (Blitzschutz / Überspannungsschutz),69.4,83.3,83.3,Act now,open,5,5,5,3,4,4,5,1,3,Building & Facility Technical Services value chain > Electrical Services & Building Automation > Lightning Protection & Surge (Blitzschutz / Überspannungsschutz)
Managed IT & Cybersecurity Services,Zahnarztpraxis-IT (Dental),69.4,83.3,83.3,Act now,open,5,5,5,3,4,4,5,1,3,Managed IT & Cybersecurity Services value chain > Managed IT Services & IT-Systemhäuser > Arzt-/Zahnarztpraxis- & MVZ-IT (Healthcare TI) > Zahnarztpraxis-IT (Dental)
"Testing, Inspection & Certification",Psychische Gefährdungsbeurteilung (psychological risk assessment),68.8,75.0,91.7,Act now,open,3,5,5,3,4,4,5,1,4,"Testing, Inspection & Certification value chain > Fire & Occupational-Safety Inspection & Advisory > Hazard Assessment & Compliance Documentation (Gefährdungsbeurteilung) > Psychische Gefährdungsbeurteilung (psychological risk assessment)"
Managed IT & Cybersecurity Services,Managed Compliance / vCISO & Continuous NIS2-ISO-27001-TISAX Monitoring,68.8,91.7,75.0,Act now,open,4,5,5,4,5,5,4,1,4,Managed IT & Cybersecurity Services value chain > Managed Security Services (SOC / MDR / SIEM) > Managed Compliance / vCISO & Continuous NIS2-ISO-27001-TISAX Monitoring
Managed IT & Cybersecurity Services,External ISB / vCISO / ISMS-as-a-Service,68.8,91.7,75.0,Act now,open,5,5,4,4,5,5,4,1,4,"Managed IT & Cybersecurity Services value chain > Cybersecurity Consulting, Audit & Compliance > External ISB / vCISO / ISMS-as-a-Service"
Medical,Sicherheitstechnische Kontrolle (STK) of Anlage-1 devices,68.7,82.5,83.3,Act now,open,5,5,5,4,4,4,5,2,3,"Medical value chain > Medical Devices & Equipment > Medical Equipment Servicing, Inspection & Maintenance (Medizintechnik-Service) > Statutory safety & metrology inspections (STK/MTK per MPBetreibV) > Sicherheitstechnische Kontrolle (STK) of Anlage-1 devices"
Medical,Messtechnische Kontrolle (MTK) of Anlage-2 measuring devices,66.0,79.2,83.3,Act now,open,5,5,5,3,4,3,5,1,3,"Medical value chain > Medical Devices & Equipment > Medical Equipment Servicing, Inspection & Maintenance (Medizintechnik-Service) > Statutory safety & metrology inspections (STK/MTK per MPBetreibV) > Messtechnische Kontrolle (MTK) of Anlage-2 measuring devices"
"Testing, Inspection & Certification",Überbetrieblicher Sicherheitsdienst (ÜBS) & retained external SiFa,66.0,79.2,83.3,Act now,open,5,5,5,3,4,3,5,1,3,"Testing, Inspection & Certification value chain > Fire & Occupational-Safety Inspection & Advisory > Occupational-Safety Technical Services (Sicherheitstechnische Betreuung / external SiFa) > Überbetrieblicher Sicherheitsdienst (ÜBS) & retained external SiFa"
Environmental Services,Noise & vibration measurement / acoustic reporting,66.0,79.2,83.3,Act now,open,3,5,5,4,4,4,5,1,3,"Environmental Services value chain > Environmental Consulting, Monitoring & Compliance > Emissions & Immissions Measurement (accredited Messstellen) > Noise & vibration measurement / acoustic reporting"
Insurance Brokerage & Financial Services,Zeitwertkonten- / Lebensarbeitszeitkonten-Verwaltung & Treuhand,66.0,79.2,83.3,Act now,open,5,4,5,3,4,4,5,1,3,Insurance Brokerage & Financial Services value chain > Employee Benefits & Occupational Pensions (bAV) > Zeitwertkonten- / Lebensarbeitszeitkonten-Verwaltung & Treuhand
Medical,Arbeitsmedizinische Diagnostik (Betriebsmedizin),65.6,87.5,75.0,Act now,open,5,4,5,5,3,5,4,1,4,Medical value chain > Diagnostics & Laboratory > Point-of-Care & Dezentrale/Betriebliche Diagnostik > Arbeitsmedizinische Diagnostik (Betriebsmedizin)
Building & Facility Technical Services,Fire dampers (Brandschutzklappen) inspection,65.6,87.5,75.0,Act now,open,5,5,5,3,5,4,4,1,4,"Building & Facility Technical Services value chain > Fire Protection Systems (Brandschutz) > Passive fire protection: dampers, doors & compartmentation > Fire dampers (Brandschutzklappen) inspection"
Building & Facility Technical Services,"Fire doors, gates & hold-open devices",65.6,87.5,75.0,Act now,open,5,5,5,4,4,4,4,1,4,"Building & Facility Technical Services value chain > Fire Protection Systems (Brandschutz) > Passive fire protection: dampers, doors & compartmentation > Fire doors, gates & hold-open devices"
Managed IT & Cybersecurity Services,"Branchen-spezialisierte Managed IT – Gesundheitswesen (Arztpraxen, MVZ, Kliniken)",65.0,86.7,75.0,Act now,open,5,5,5,4,4,5,4,2,4,"Managed IT & Cybersecurity Services value chain > Managed IT Services & IT-Systemhäuser > Branchen-spezialisierte Managed IT – Gesundheitswesen (Arztpraxen, MVZ, Kliniken)"
"Testing, Inspection & Certification",CE Coordination & Technical-File Consultancy,64.9,70.8,91.7,Act now,open,3,5,5,3,3,4,5,1,4,"Testing, Inspection & Certification value chain > Product Testing & Certification > CE Marking & Conformity Assessment (horizontal) > CE Coordination & Technical-File Consultancy"
"Testing, Inspection & Certification",Explosionsschutzdokument (explosion-protection document),61.2,66.7,91.7,Too small,open,3,5,5,2,4,3,5,1,4,"Testing, Inspection & Certification value chain > Fire & Occupational-Safety Inspection & Advisory > Hazard Assessment & Compliance Documentation (Gefährdungsbeurteilung) > Explosionsschutzdokument (explosion-protection document)"
"Testing, Inspection & Certification",Safety & Emergency Training (Brandschutzhelfer / Ersthelfer),61.2,66.7,91.7,Act now,open,4,5,4,3,3,3,5,1,4,"Testing, Inspection & Certification value chain > Fire & Occupational-Safety Inspection & Advisory > Safety & Emergency Training (Brandschutzhelfer / Ersthelfer)"
Building & Facility Technical Services,"DGUV Arbeitsmittel- & Regalprüfung (Leitern, Regale DIN EN 15635, PSA gegen Absturz)",61.2,91.7,66.7,Act now,open,5,5,5,4,5,4,4,1,3,"Building & Facility Technical Services value chain > Technical FM & Building Envelope > DGUV Arbeitsmittel- & Regalprüfung (Leitern, Regale DIN EN 15635, PSA gegen Absturz)"
Managed IT & Cybersecurity Services,Mittelstand SME external-DPO retainer pools (DSB-as-a-Service),61.2,91.7,66.7,Act now,open,5,5,5,4,5,4,4,1,3,"Managed IT & Cybersecurity Services value chain > Cybersecurity Consulting, Audit & Compliance > External DPO / DSGVO Compliance-as-a-Service > Mittelstand SME external-DPO retainer pools (DSB-as-a-Service)"
Food & Agriculture Services,Slurry / Manure Spreading (Gülle & Wirtschaftsdünger),59.6,65.0,91.7,Act now,open,4,5,5,4,2,4,5,3,4,Food & Agriculture Services value chain > Agricultural Contracting & Farm Services > Agricultural Contracting (Lohnunternehmen) > Slurry / Manure Spreading (Gülle & Wirtschaftsdünger)
Medical,Computerised-system validation (CSV / CSA),59.4,79.2,75.0,Act now,open,4,4,5,3,5,4,4,1,4,Medical value chain > Pharmaceuticals & Biotech > GxP / GMP Compliance Services > GMP/GxP consulting & auditing > Computerised-system validation (CSV / CSA)
"Testing, Inspection & Certification",ISO/IEC 27001 ISMS Certification,59.4,79.2,75.0,Act now,open,5,3,5,3,4,5,4,1,4,"Testing, Inspection & Certification value chain > Management-System & Process Certification > Information-Security & Data Certification (ISO 27001 / TISAX / BSI) > ISO/IEC 27001 ISMS Certification"
"Testing, Inspection & Certification",Environmental analytics - soil/water/waste (BBodSchV/AwSV/KrWG),59.0,70.8,83.3,Act now,open,3,5,5,4,3,3,5,1,3,"Testing, Inspection & Certification value chain > Environmental, Water & Emissions Testing > Environmental analytics - soil/water/waste (BBodSchV/AwSV/KrWG)"
"Testing, Inspection & Certification",Feed & agricultural input testing,59.0,70.8,83.3,Act now,open,4,5,5,3,3,3,5,1,3,"Testing, Inspection & Certification value chain > Food, Feed & Agricultural Testing > Feed & agricultural input testing"
Food & Agriculture Services,Commercial kitchen equipment service (Großküchentechnik),59.0,70.8,83.3,Act now,open,4,5,3,4,4,3,5,1,3,Food & Agriculture Services value chain > Food-Processing Equipment Service & Hygiene > Commercial kitchen equipment service (Großküchentechnik)
Food & Agriculture Services,HACCP & Hygiene Consulting / Training,58.7,78.3,75.0,Act now,open,4,5,5,4,4,4,4,2,4,Food & Agriculture Services value chain > Food Certification & Auditing > HACCP & Hygiene Consulting / Training
Insurance Brokerage & Financial Services,Heilwesen / healthcare specialist brokers,58.7,78.3,75.0,Act now,open,5,4,5,4,4,4,4,2,4,Insurance Brokerage & Financial Services value chain > Commercial & Industrial Insurance Brokerage > Heilwesen / healthcare specialist brokers
Medical,"Hospital external DSB & §75c/B3S IT-security officer (ISB Krankenhaus, ISMS)",58.4,87.5,66.7,Act now,open,5,4,5,3,5,5,4,1,3,"Medical value chain > Payers & Regulatory Ecosystem > Healthcare Data-Protection & Labelling Compliance Services > External Data-Protection Officer (DSB) for Healthcare > Hospital external DSB & §75c/B3S IT-security officer (ISB Krankenhaus, ISMS)"
Medical,DSGVO audit & ISMS-as-a-service (ISO 27001 / NIS2 / DORA),58.4,87.5,66.7,Act now,open,4,4,5,4,5,5,4,1,3,Medical value chain > Payers & Regulatory Ecosystem > Healthcare Data-Protection & Labelling Compliance Services > External Data-Protection Officer (DSB) for Healthcare > DSGVO audit & ISMS-as-a-service (ISO 27001 / NIS2 / DORA)
Environmental Services,Mould remediation (Schimmelsanierung),58.3,70.0,83.3,Act now,open,4,5,3,5,3,4,5,2,3,Environmental Services value chain > Hazardous-Materials & Pollutant Removal > Mould remediation (Schimmelsanierung)
Environmental Services,Annual Maintenance Contracts (Wartung),58.3,70.0,83.3,Act now,open,5,5,5,3,3,3,5,2,3,Environmental Services value chain > Water & Wastewater Services > Decentralized Sewage Plants (Kleinklaeranlagen) Service & Emptying > Annual Maintenance Contracts (Wartung)
Insurance Brokerage & Financial Services,Apotheken-Fachmakler (pharmacy specialist brokers),58.3,70.0,83.3,Act now,open,5,4,5,3,4,3,5,2,3,"Insurance Brokerage & Financial Services value chain > Commercial & Industrial Insurance Brokerage > Heilwesen / healthcare-professional brokers (Ärzte, Apotheken, Pflege, Kliniken) > Apotheken-Fachmakler (pharmacy specialist brokers)"
Medical,Podology / Medical Foot Care (Podologie),57.6,69.2,83.3,Act now,open,5,5,5,3,3,4,5,3,3,"Medical value chain > Care Delivery & Providers > Non-Physician Outpatient Therapy (Heilmittelerbringer: Physio, Ergo, Logo) > Podology / Medical Foot Care (Podologie)"
"Testing, Inspection & Certification",Construction Site Safety Coordination (SiGeKo / Baustellenverordnung),56.6,61.7,91.7,Act now,open,3,5,5,3,3,3,5,2,4,"Testing, Inspection & Certification value chain > Fire & Occupational-Safety Inspection & Advisory > Construction Site Safety Coordination (SiGeKo / Baustellenverordnung)"
Environmental Services,Hydro-Excavation / Suction Excavation (Saugbaggern),56.6,61.7,91.7,Act now,open,3,5,4,4,2,4,5,2,4,Environmental Services value chain > Industrial & Sewer Cleaning Services > Hydro-Excavation / Suction Excavation (Saugbaggern)
Insurance Brokerage & Financial Services,"Aktuarielle Bewertung & Pensionsgutachten (Heubeck-basiert, HGB/IAS 19)",56.2,75.0,75.0,Act now,open,5,3,5,4,4,3,4,1,4,"Insurance Brokerage & Financial Services value chain > Employee Benefits & Occupational Pensions (bAV) > Aktuarielle Bewertung & Pensionsgutachten (Heubeck-basiert, HGB/IAS 19)"
Medical,Cleanroom & GMP qualification/validation (DQ/IQ/OQ/PQ),55.6,83.3,66.7,Act now,open,5,5,5,3,4,4,4,1,3,Medical value chain > Pharmaceuticals & Biotech > GxP / GMP Compliance Services > GMP/GxP consulting & auditing > Cleanroom & GMP qualification/validation (DQ/IQ/OQ/PQ)
"Testing, Inspection & Certification",Energieausweis issuance (residential/non-residential),55.6,66.7,83.3,Act now,open,3,5,5,3,2,4,5,1,3,"Testing, Inspection & Certification value chain > Construction, Structural & Real-Estate Inspection > Energy Performance Certification & GEG Energy Advisory (Energieausweis / Energieberatung) > Energieausweis issuance (residential/non-residential)"
Building & Facility Technical Services,Cooling Towers & Evaporative Coolers Hygiene (42. BImSchV / Legionella),55.6,83.3,66.7,Act now,open,5,4,5,3,4,5,4,1,3,"Building & Facility Technical Services value chain > HVAC, Ventilation & Cooling Service > Cooling Towers & Evaporative Coolers Hygiene (42. BImSchV / Legionella)"
Environmental Services,CCTV Inspection & Leak Testing (TV-Inspektion / Dichtheitspruefung),55.6,74.2,75.0,Act now,open,4,4,5,4,4,4,4,2,4,Environmental Services value chain > Industrial & Sewer Cleaning Services > Sewer & Drain Cleaning + CCTV Inspection (Kanalreinigung / TV-Inspektion) > CCTV Inspection & Leak Testing (TV-Inspektion / Dichtheitspruefung)
Environmental Services,Statutory Separator Emptying & Service (Fett-/Oel-/Leichtfluessigkeitsabscheider),55.6,74.2,75.0,Act now,open,5,5,5,4,3,3,4,2,4,Environmental Services value chain > Industrial & Sewer Cleaning Services > Statutory Separator Emptying & Service (Fett-/Oel-/Leichtfluessigkeitsabscheider)
Environmental Services,Demolition with Contamination & Hazardous-Building Remediation (Rueckbau & Schadstoffsanierung),55.6,74.2,75.0,Act now,open,3,5,5,5,3,4,4,2,4,Environmental Services value chain > Contaminated-Site Remediation & Geo-Environmental > Demolition with Contamination & Hazardous-Building Remediation (Rueckbau & Schadstoffsanierung)
Environmental Services,Light-Liquid / Oil Separator Service (DIN EN 858 / DIN 1999-100),55.6,74.2,75.0,Act now,open,5,5,5,4,3,3,4,2,4,Environmental Services value chain > Water & Wastewater Services > Separator (Abscheider) Emptying & Service > Light-Liquid / Oil Separator Service (DIN EN 858 / DIN 1999-100)
Food & Agriculture Services,Temperature-monitoring & cold-chain compliance tech,55.6,83.3,66.7,Act now,open,4,4,5,3,5,5,4,1,3,Food & Agriculture Services value chain > Cold-Chain & Food Logistics > Temperature-monitoring & cold-chain compliance tech
Managed IT & Cybersecurity Services,Kanzlei-/Legal-IT (Rechtsanwaltskanzleien),55.6,83.3,66.7,Act now,open,4,5,5,4,4,4,4,1,3,Managed IT & Cybersecurity Services value chain > Managed IT Services & IT-Systemhäuser > Kanzlei-/Legal-IT (Rechtsanwaltskanzleien)
Managed IT & Cybersecurity Services,"Kanzlei- & Steuerberater-compliant Hosting (RA-MICRO / DATEV, §203 StGB)",55.6,83.3,66.7,Act now,open,5,5,4,4,4,4,4,1,3,"Managed IT & Cybersecurity Services value chain > Cloud, Hosting & Data-Center Services > Sector-Specific Compliant Hosting (Healthcare & Public Sector) > Kanzlei- & Steuerberater-compliant Hosting (RA-MICRO / DATEV, §203 StGB)"
Insurance Brokerage & Financial Services,bAV-Verwaltungs-Outsourcing / TPA (BPO),55.6,83.3,66.7,Act now,open,5,3,5,4,4,5,4,1,3,Insurance Brokerage & Financial Services value chain > Employee Benefits & Occupational Pensions (bAV) > bAV-Verwaltungs-Outsourcing / TPA (BPO)
Managed IT & Cybersecurity Services,Sector-specialised healthcare privacy (Gesundheitsdatenschutz),55.0,82.5,66.7,Act now,open,5,5,5,3,5,4,4,2,3,Managed IT & Cybersecurity Services value chain > Data Protection & Privacy Services (DSGVO) > Sector-specialised healthcare privacy (Gesundheitsdatenschutz)
Managed IT & Cybersecurity Services,"Gesundheitsdatenschutz – External DPO for Arztpraxen, Kliniken & Apotheken",55.0,82.5,66.7,Act now,open,5,5,5,3,5,4,4,2,3,"Managed IT & Cybersecurity Services value chain > Cybersecurity Consulting, Audit & Compliance > External DPO / DSGVO Compliance-as-a-Service > Gesundheitsdatenschutz – External DPO for Arztpraxen, Kliniken & Apotheken"
Food & Agriculture Services,"Technical Service, Maintenance & Repowering",54.4,72.5,75.0,Act now,open,5,4,5,4,4,5,4,4,4,"Food & Agriculture Services value chain > Agricultural Contracting & Farm Services > Biogas Plant Operation & Service > Technical Service, Maintenance & Repowering"
Environmental Services,EPR compliance-as-a-service / advisory,53.5,91.7,58.3,Act now,open,5,4,5,4,5,5,3,1,4,"Environmental Services value chain > Recycling & Materials Recovery > EPR Compliance & Take-Back Schemes (Duales System, LUCID, GRS) > EPR compliance-as-a-service / advisory"
Managed IT & Cybersecurity Services,NIS2 / ISMS Compliance-as-a-Service & vCISO,53.5,91.7,58.3,Act now,open,4,5,5,4,5,5,3,1,4,Managed IT & Cybersecurity Services value chain > Managed IT Services & IT-Systemhäuser > Managed Security Services / MDR / SOC-as-a-Service (MSSP) > NIS2 / ISMS Compliance-as-a-Service & vCISO
Managed IT & Cybersecurity Services,ISO 27001 / ISMS Consulting & Certification-Prep,52.9,90.8,58.3,Act now,open,4,5,5,5,5,5,3,2,4,"Managed IT & Cybersecurity Services value chain > Cybersecurity Consulting, Audit & Compliance > ISO 27001 / ISMS Consulting & Certification-Prep"
Medical,Supplier & Lohnhersteller (contract-manufacturer) auditing,52.8,79.2,66.7,Act now,open,4,5,5,3,4,4,4,1,3,Medical value chain > Pharmaceuticals & Biotech > GxP / GMP Compliance Services > GMP/GxP consulting & auditing > Supplier & Lohnhersteller (contract-manufacturer) auditing
Medical,UDI & EUDAMED registration/data management,52.8,79.2,66.7,Too small,open,4,4,5,2,5,5,4,1,3,"Medical value chain > Payers & Regulatory Ecosystem > Regulatory Affairs, Market Access, HTA & Pharmacovigilance Services > Regulatory Affairs / MDR Consulting (Medtech) > UDI & EUDAMED registration/data management"
Medical,IVDR consulting (In-vitro diagnostics),52.8,79.2,66.7,Act now,open,4,4,5,3,5,4,4,1,3,"Medical value chain > Payers & Regulatory Ecosystem > Regulatory Affairs, Market Access, HTA & Pharmacovigilance Services > Regulatory Affairs / MDR Consulting (Medtech) > IVDR consulting (In-vitro diagnostics)"
Medical,PSUR / PBRER (and DSUR) authoring,52.8,79.2,66.7,Act now,open,4,4,5,3,5,4,4,1,3,"Medical value chain > Payers & Regulatory Ecosystem > Regulatory Affairs, Market Access, HTA & Pharmacovigilance Services > Pharmacovigilance Outsourcing (QPPV / Stufenplanbeauftragter) > PSUR / PBRER (and DSUR) authoring"
Medical,Dental / practice instrument reprocessing,52.8,79.2,66.7,Act now,open,5,5,4,4,3,4,4,1,3,Medical value chain > Healthcare Services & Outsourcing > Sterile Reprocessing & AEMP/ZSVA Outsourcing > Dental / practice instrument reprocessing
"Testing, Inspection & Certification",Prüfmittelmanagement / calibration-management services & software,52.8,79.2,66.7,Act now,open,5,4,4,3,5,4,4,1,3,"Testing, Inspection & Certification value chain > Calibration & Metrology > Prüfmittelmanagement / calibration-management services & software"
Building & Facility Technical Services,"Fixed installation testing (ortsfeste Anlagen, DIN VDE 0105-100)",52.8,79.2,66.7,Act now,open,5,4,5,4,4,3,4,1,3,"Building & Facility Technical Services value chain > Electrical Services & Building Automation > Statutory Electrical Safety Testing (DGUV V3 / E-Check) > Fixed installation testing (ortsfeste Anlagen, DIN VDE 0105-100)"
Building & Facility Technical Services,Emergency Power / UPS & Generator Service (USV & NEA),52.8,79.2,66.7,Act now,open,5,4,5,4,3,4,4,1,3,Building & Facility Technical Services value chain > Electrical Services & Building Automation > Emergency Power / UPS & Generator Service (USV & NEA)
Building & Facility Technical Services,Industrietor- & Verladetechnik-Service (Tor-Service),52.8,79.2,66.7,Act now,open,5,4,5,4,4,3,4,1,3,Building & Facility Technical Services value chain > Technical FM & Building Envelope > Industrietor- & Verladetechnik-Service (Tor-Service)
Managed IT & Cybersecurity Services,Managed Vulnerability Management & Continuous Pentesting,52.8,79.2,66.7,Act now,open,4,5,4,4,4,4,4,1,3,Managed IT & Cybersecurity Services value chain > Managed Security Services (SOC / MDR / SIEM) > Managed Vulnerability Management & Continuous Pentesting
Environmental Services,"Grease Separator Service (Fettabscheider, DIN 4040-100)",52.5,70.0,75.0,Act now,open,5,5,5,3,3,3,4,2,4,"Environmental Services value chain > Water & Wastewater Services > Separator (Abscheider) Emptying & Service > Grease Separator Service (Fettabscheider, DIN 4040-100)"
"Testing, Inspection & Certification",Infrastructure & Bridge Inspection (Bauwerksprüfung DIN 1076),52.2,78.3,66.7,Act now,open,5,3,5,4,4,5,4,2,3,"Testing, Inspection & Certification value chain > Construction, Structural & Real-Estate Inspection > Infrastructure & Bridge Inspection (Bauwerksprüfung DIN 1076)"
Environmental Services,Ecological construction supervision (UBB/ÖBB),52.2,78.3,66.7,Act now,open,4,5,5,4,4,4,4,2,3,"Environmental Services value chain > Environmental Consulting, Monitoring & Compliance > Ecological Surveying & Environmental Construction Supervision (Umweltbaubegleitung) > Ecological construction supervision (UBB/ÖBB)"
"Testing, Inspection & Certification",Coating & Corrosion Inspection (FROSIO/NACE),52.1,62.5,83.3,Too small,open,3,5,4,2,4,3,5,1,3,"Testing, Inspection & Certification value chain > Industrial NDT & Materials Testing > Coating & Corrosion Inspection (FROSIO/NACE)"
Medical,Occupational Therapy Practices (Ergotherapie),51.9,69.2,75.0,Act now,open,4,5,5,4,3,4,4,3,4,"Medical value chain > Care Delivery & Providers > Non-Physician Outpatient Therapy (Heilmittelerbringer: Physio, Ergo, Logo) > Occupational Therapy Practices (Ergotherapie)"
"Testing, Inspection & Certification","Weighing systems – service, maintenance & Eichvorbereitung",51.4,61.7,83.3,Act now,open,4,5,4,3,3,3,5,2,3,"Testing, Inspection & Certification value chain > Calibration & Metrology > Weighing systems – service, maintenance & Eichvorbereitung"
Building & Facility Technical Services,EMA/ÜMA maintenance & inspection contracts (Wartung),51.0,87.5,58.3,Act now,open,5,5,5,4,4,4,3,1,4,Building & Facility Technical Services value chain > Security & Access Systems > Intruder & hold-up alarm systems (EMA/ÜMA) — install & service > EMA/ÜMA maintenance & inspection contracts (Wartung)
Medical,Medical coding & Medizincontrolling (DRG/PEPP),50.6,60.8,83.3,Act now,open,3,5,4,3,4,4,5,3,3,"Medical value chain > Healthcare Services & Outsourcing > Medical Billing, RCM & Coding > Medical coding & Medizincontrolling (DRG/PEPP)"
Food & Agriculture Services,"Barn Hygiene, Cleaning & Disinfection",50.6,60.8,83.3,Act now,open,4,5,4,3,3,4,5,3,3,"Food & Agriculture Services value chain > Agricultural Contracting & Farm Services > Livestock Services (Klauenpflege, Besamung, Stallhygiene) > Barn Hygiene, Cleaning & Disinfection"
Medical,Cleanroom qualification & validation (DQ/IQ/OQ/PQ),50.0,75.0,66.7,Act now,open,4,4,5,3,4,4,4,1,3,Medical value chain > Pharmaceuticals & Biotech > GxP / GMP Compliance Services > Cleanroom qualification & validation (DQ/IQ/OQ/PQ)
Medical,GDP & cold-chain audits (Good Distribution Practice),50.0,75.0,66.7,Too small,open,4,4,5,2,5,4,4,1,3,Medical value chain > Pharmaceuticals & Biotech > GxP / GMP Compliance Services > GMP/GxP consulting & auditing > GDP & cold-chain audits (Good Distribution Practice)
Medical,Notified-body liaison & conformity-assessment support,50.0,75.0,66.7,Act now,open,3,4,5,3,5,4,4,1,3,"Medical value chain > Payers & Regulatory Ecosystem > Regulatory Affairs, Market Access, HTA & Pharmacovigilance Services > Regulatory Affairs / MDR Consulting (Medtech) > Notified-body liaison & conformity-assessment support"
"Testing, Inspection & Certification",Playground & Amusement-Ride Inspection (DIN EN 1176 / Fliegende Bauten),50.0,75.0,66.7,Act now,open,5,5,4,3,4,3,4,1,3,"Testing, Inspection & Certification value chain > Periodic Technical & Safety Inspection > Playground & Amusement-Ride Inspection (DIN EN 1176 / Fliegende Bauten)"
"Testing, Inspection & Certification",Workplace Exposure Measurement (Gefahrstoffe / Lärm),50.0,66.7,75.0,Act now,open,3,4,5,3,4,3,4,1,4,"Testing, Inspection & Certification value chain > Fire & Occupational-Safety Inspection & Advisory > Workplace Exposure Measurement (Gefahrstoffe / Lärm)"
"Testing, Inspection & Certification",Emission/immission measurement (§29b BImSchG Messstellen),50.0,75.0,66.7,Act now,open,4,4,5,3,4,4,4,1,3,"Testing, Inspection & Certification value chain > Environmental, Water & Emissions Testing > Emission/immission measurement (§29b BImSchG Messstellen)"
"Testing, Inspection & Certification",Food safety & contaminant analytics (ISO 17025),50.0,75.0,66.7,Act now,open,4,4,5,4,3,4,4,1,3,"Testing, Inspection & Certification value chain > Food, Feed & Agricultural Testing > Food safety & contaminant analytics (ISO 17025)"
Building & Facility Technical Services,Duct/RLT Cleaning & Disinfection,50.0,75.0,66.7,Act now,open,4,5,4,3,4,4,4,1,3,"Building & Facility Technical Services value chain > HVAC, Ventilation & Cooling Service > Ventilation/RLT Hygiene Inspection & Cleaning (VDI 6022) > Duct/RLT Cleaning & Disinfection"
Managed IT & Cybersecurity Services,DSGVO/MaRISK-conform long-retention log management,50.0,75.0,66.7,Too small,open,4,4,5,2,5,4,4,1,3,Managed IT & Cybersecurity Services value chain > Managed Security Services (SOC / MDR / SIEM) > SIEM-as-a-Service & Compliance Log Management (KRITIS 'Systeme zur Angriffserkennung') > DSGVO/MaRISK-conform long-retention log management
Medical,Multivendor Independent Service Organisations (ISO) as a business model,49.5,74.2,66.7,Act now,open,5,4,4,4,4,4,4,2,3,"Medical value chain > Medical Devices & Equipment > Medical Equipment Servicing, Inspection & Maintenance (Medizintechnik-Service) > Multivendor Independent Service Organisations (ISO) as a business model"
"Testing, Inspection & Certification",Gas-detection instrument calibration & inspection (Gaswarngeräte),49.5,74.2,66.7,Act now,open,5,4,5,3,4,4,4,2,3,"Testing, Inspection & Certification value chain > Calibration & Metrology > Gas-detection instrument calibration & inspection (Gaswarngeräte)"
Environmental Services,Strongly-bound asbestos (Asbestzement: façade/roof/pipes),49.5,74.2,66.7,Act now,open,4,5,4,5,3,4,4,2,3,"Environmental Services value chain > Hazardous-Materials & Pollutant Removal > Asbestos removal & abatement (Asbestsanierung, TRGS 519) > Strongly-bound asbestos (Asbestzement: façade/roof/pipes)"
Environmental Services,Pollutant surveying & building hazmat registers (Schadstoffkataster / Erkundung),49.5,74.2,66.7,Act now,open,4,4,5,4,4,4,4,2,3,Environmental Services value chain > Hazardous-Materials & Pollutant Removal > Pollutant surveying & building hazmat registers (Schadstoffkataster / Erkundung)
Managed IT & Cybersecurity Services,TISAX readiness boutiques for Tier-2/3 suppliers,49.5,74.2,66.7,Act now,open,4,5,5,3,5,3,4,2,3,"Managed IT & Cybersecurity Services value chain > Cybersecurity Consulting, Audit & Compliance > TISAX Advisory & Assessment (Automotive) > TISAX readiness boutiques for Tier-2/3 suppliers"
Insurance Brokerage & Financial Services,Cyber-MGA,49.5,74.2,66.7,Act now,open,4,4,5,3,4,5,4,2,3,Insurance Brokerage & Financial Services value chain > Specialty & Niche Underwriting Agencies (Assekuradeure / MGA) > Financial Lines & D&O Underwriting Agencies > Cyber-MGA
Insurance Brokerage & Financial Services,Digitale Courtage-/Provisionsabrechnungs-Plattformen (BiPRO-BPO),49.5,74.2,66.7,Act now,open,5,4,4,3,5,4,4,2,3,"Insurance Brokerage & Financial Services value chain > Broker Pools, Networks & Bestandsverwaltung > Digitale Courtage-/Provisionsabrechnungs-Plattformen (BiPRO-BPO)"
"Testing, Inspection & Certification",EMC / EMV Lab Testing,49.4,65.8,75.0,Act now,open,3,5,5,3,4,3,4,2,4,"Testing, Inspection & Certification value chain > Product Testing & Certification > Electrical Product Safety & EMC/EMV Testing > EMC / EMV Lab Testing"
Environmental Services,PFAS & Emerging-Contaminant Remediation,49.4,65.8,75.0,Act now,open,4,3,5,3,3,5,4,2,4,Environmental Services value chain > Contaminated-Site Remediation & Geo-Environmental > Soil & Groundwater Remediation (Altlastensanierung) > PFAS & Emerging-Contaminant Remediation
Building & Facility Technical Services,"Portable equipment testing (ortsveränderliche Betriebsmittel, DGUV V3)",48.6,83.3,58.3,Act now,open,5,4,5,5,4,3,3,1,4,"Building & Facility Technical Services value chain > Electrical Services & Building Automation > Statutory Electrical Safety Testing (DGUV V3 / E-Check) > Portable equipment testing (ortsveränderliche Betriebsmittel, DGUV V3)"
Building & Facility Technical Services,Fire alarm & detection (BMA) service,48.6,83.3,58.3,Act now,open,5,4,5,4,4,4,3,1,4,Building & Facility Technical Services value chain > Fire Protection Systems (Brandschutz) > Fire alarm & detection (BMA) service
Building & Facility Technical Services,Multi-brand / manufacturer-independent takeover of OEM-installed base,48.6,83.3,58.3,Act now,open,5,4,4,5,4,4,3,1,4,Building & Facility Technical Services value chain > Lift & Escalator Service > Independent (non-OEM) lift maintenance & service > Multi-brand / manufacturer-independent takeover of OEM-installed base
Building & Facility Technical Services,Lift emergency call & remote monitoring (Notruf / Aufschaltung),48.6,83.3,58.3,Act now,open,5,3,5,4,5,4,3,1,4,Building & Facility Technical Services value chain > Lift & Escalator Service > Lift emergency call & remote monitoring (Notruf / Aufschaltung)
Building & Facility Technical Services,Legionella Sampling & Lab Analysis,48.6,83.3,58.3,Act now,open,5,4,5,4,4,4,3,1,4,"Building & Facility Technical Services value chain > Plumbing, Sanitary & Water Hygiene (SHK) > Drinking-Water Hygiene & Legionella (TrinkwV) > Legionella Sampling & Lab Analysis"
Food & Agriculture Services,HACCP / IFS Food-Facility Monitoring Contracts,48.6,83.3,58.3,Act now,open,5,4,5,4,4,4,3,1,4,Food & Agriculture Services value chain > Pest Control & Food-Industry Hygiene > Commercial & Food-Industry Pest Control (Schädlingsbekämpfung / HACCP-Monitoring) > HACCP / IFS Food-Facility Monitoring Contracts
Managed IT & Cybersecurity Services,Steuerberater-/Wirtschaftsprüfer-Kanzlei-IT,48.6,83.3,58.3,Act now,open,5,5,4,4,4,4,3,1,4,Managed IT & Cybersecurity Services value chain > Managed IT Services & IT-Systemhäuser > Steuerberater-/Wirtschaftsprüfer-Kanzlei-IT
Medical,Nutrition Therapy (Ernaehrungstherapie),47.9,57.5,83.3,Too small,open,3,5,4,2,3,4,5,2,3,"Medical value chain > Care Delivery & Providers > Non-Physician Outpatient Therapy (Heilmittelerbringer: Physio, Ergo, Logo) > Nutrition Therapy (Ernaehrungstherapie)"
"Testing, Inspection & Certification",Portable electrical equipment (ortsveränderlich),47.9,95.8,50.0,Act now,open,5,5,5,5,4,5,2,1,5,"Testing, Inspection & Certification value chain > Periodic Technical & Safety Inspection > Electrical Installation Inspection (DGUV V3 / E-Check) > Portable electrical equipment (ortsveränderlich)"
Medical,MDR technical documentation (Annex II/III authoring & remediation),47.2,70.8,66.7,Too small,open,4,5,5,2,4,3,4,1,3,"Medical value chain > Payers & Regulatory Ecosystem > Regulatory Affairs, Market Access, HTA & Pharmacovigilance Services > Regulatory Affairs / MDR Consulting (Medtech) > MDR technical documentation (Annex II/III authoring & remediation)"
"Testing, Inspection & Certification",Lifting Equipment & Crane Inspection (DGUV V52/54),47.2,70.8,66.7,Act now,open,5,4,5,3,3,3,4,1,3,"Testing, Inspection & Certification value chain > Periodic Technical & Safety Inspection > Lifting Equipment & Crane Inspection (DGUV V52/54)"
Managed IT & Cybersecurity Services,SAP Business One VAR / Systemhäuser (small-business SAP),47.2,70.8,66.7,Act now,open,4,5,4,3,4,3,4,1,3,Managed IT & Cybersecurity Services value chain > ERP & Business-Software Management > SAP Application Management & S/4HANA Services (Mittelstand) > SAP Business One VAR / Systemhäuser (small-business SAP)
Medical,Cleanroom plastics & single-use disposables,46.7,70.0,66.7,Act now,open,5,4,4,4,3,4,4,2,3,Medical value chain > Medical Devices & Equipment > OEM Contract Manufacturing & Components (Lohnfertigung/Zulieferer) > Cleanroom plastics & single-use disposables
Medical,Anaesthesia & ventilator service (Narkose-/Beatmungsgeräte),46.7,70.0,66.7,Act now,open,5,3,5,3,4,4,4,2,3,"Medical value chain > Medical Devices & Equipment > Medical Equipment Servicing, Inspection & Maintenance (Medizintechnik-Service) > Anaesthesia & ventilator service (Narkose-/Beatmungsgeräte)"
Environmental Services,KMF / old mineral wool removal (TRGS 521),46.7,70.0,66.7,Act now,open,4,5,4,4,3,4,4,2,3,"Environmental Services value chain > Hazardous-Materials & Pollutant Removal > Other building pollutant remediation (KMF, PCB, PAK, lead, heavy metals) > KMF / old mineral wool removal (TRGS 521)"
Environmental Services,Outsourced Plant Operation & Compliance Monitoring (Betriebsfuehrung),46.7,70.0,66.7,Act now,open,5,3,5,3,4,4,4,2,3,Environmental Services value chain > Water & Wastewater Services > Industrial Wastewater Treatment & Plant Operation > Outsourced Plant Operation & Compliance Monitoring (Betriebsfuehrung)
Food & Agriculture Services,Regional chilled Frischedienst / multi-drop distribution,46.7,70.0,66.7,Act now,open,5,5,5,4,2,3,4,2,3,Food & Agriculture Services value chain > Cold-Chain & Food Logistics > Refrigerated transport (TK-Distribution / Frischedienst) > Regional chilled Frischedienst / multi-drop distribution
Insurance Brokerage & Financial Services,Pet-Insurance MGAs (Tierversicherung),46.7,70.0,66.7,Act now,open,5,4,3,3,4,5,4,2,3,Insurance Brokerage & Financial Services value chain > Specialty & Niche Underwriting Agencies (Assekuradeure / MGA) > Pet-Insurance MGAs (Tierversicherung)
Insurance Brokerage & Financial Services,"Transport-, Marine- & Verkehrshaftungs-Fachmakler",46.7,70.0,66.7,Act now,open,5,4,4,4,4,3,4,2,3,"Insurance Brokerage & Financial Services value chain > Specialty Lines Broking (cyber, D&O, credit, marine, transport) > Transport-, Marine- & Verkehrshaftungs-Fachmakler"
Insurance Brokerage & Financial Services,Bestandsverwaltungs-BPO fuer verwaiste Vertraege (Run-off-Servicing),46.7,70.0,66.7,Act now,open,5,4,4,3,4,4,4,2,3,"Insurance Brokerage & Financial Services value chain > Broker Pools, Networks & Bestandsverwaltung > Bestandsverwaltungs-BPO fuer verwaiste Vertraege (Run-off-Servicing)"
"Testing, Inspection & Certification",Toy Testing (EN 71),46.3,61.7,75.0,Act now,open,4,4,5,3,3,3,4,2,4,"Testing, Inspection & Certification value chain > Product Testing & Certification > Toys & Consumer Products (GS mark) > Toy Testing (EN 71)"
"Testing, Inspection & Certification",Construction Products (CPR / Ü-Zeichen / abZ),46.3,61.7,75.0,Act now,open,4,4,5,3,3,3,4,2,4,"Testing, Inspection & Certification value chain > Product Testing & Certification > Construction Products (CPR / Ü-Zeichen / abZ)"
"Testing, Inspection & Certification",Supply-Chain & Social-Compliance Audits (SMETA / BSCI / LkSG),46.3,61.7,75.0,Act now,open,4,4,5,3,3,3,4,2,4,"Testing, Inspection & Certification value chain > Management-System & Process Certification > Supply-Chain & Social-Compliance Audits (SMETA / BSCI / LkSG)"
"Testing, Inspection & Certification",Drinking-water & Legionella testing (TrinkwV),46.2,79.2,58.3,Act now,open,5,4,5,4,3,4,4,1,2,"Testing, Inspection & Certification value chain > Environmental, Water & Emissions Testing > Drinking-water & Legionella testing (TrinkwV)"
Building & Facility Technical Services,Wall hydrants & dry/wet fire-water supply (DIN 14462),46.2,79.2,58.3,Act now,open,5,4,5,3,4,4,3,1,4,Building & Facility Technical Services value chain > Fire Protection Systems (Brandschutz) > Portable extinguishers & wall-hydrant / water-supply service > Wall hydrants & dry/wet fire-water supply (DIN 14462)
Building & Facility Technical Services,Grünpflege & Winterdienst (GaLaBau-Pflege),46.2,79.2,58.3,Act now,open,5,5,4,5,3,3,3,1,4,Building & Facility Technical Services value chain > Technical FM & Building Envelope > Grünpflege & Winterdienst (GaLaBau-Pflege)
Managed IT & Cybersecurity Services,BSI IT-Grundschutz Consulting,46.2,69.2,66.7,Act now,open,4,4,5,3,5,4,4,3,3,"Managed IT & Cybersecurity Services value chain > Cybersecurity Consulting, Audit & Compliance > BSI IT-Grundschutz Consulting"
Managed IT & Cybersecurity Services,Managed Endpoint / UEM (Intune-as-a-Service),45.9,91.7,50.0,Act now,open,5,5,4,4,5,5,3,1,3,"Managed IT & Cybersecurity Services value chain > Identity, Endpoint & Device Management > Managed Endpoint / UEM (Intune-as-a-Service)"
Managed IT & Cybersecurity Services,Managed Endpoint Backup / Backup-as-a-Service (BaaS),45.9,91.7,50.0,Act now,open,5,5,5,4,4,5,3,1,3,"Managed IT & Cybersecurity Services value chain > Identity, Endpoint & Device Management > Managed Endpoint Backup / Backup-as-a-Service (BaaS)"
Environmental Services,Legionella Sampling & Accredited Lab Analysis,45.6,78.3,58.3,Act now,open,5,4,5,4,4,4,3,2,4,Environmental Services value chain > Water & Wastewater Services > Drinking-Water & Legionella Testing > Legionella Sampling & Accredited Lab Analysis
Food & Agriculture Services,Process & drinking water / Legionella testing,45.6,78.3,58.3,Act now,open,5,4,5,4,4,4,3,2,4,Food & Agriculture Services value chain > Food-Safety Testing & Laboratories > Environmental hygiene & water testing for food producers > Process & drinking water / Legionella testing
Managed IT & Cybersecurity Services,Managed Compliance for Endpoints (NIS2 baseline),45.4,90.8,50.0,Act now,open,5,5,5,4,5,5,3,2,3,"Managed IT & Cybersecurity Services value chain > Identity, Endpoint & Device Management > Managed Compliance for Endpoints (NIS2 baseline)"
Medical,HTA / Market Access Consulting (Pharma - AMNOG & EU-HTA),44.5,66.7,66.7,Act now,open,3,3,4,3,5,4,4,1,3,"Medical value chain > Payers & Regulatory Ecosystem > Regulatory Affairs, Market Access, HTA & Pharmacovigilance Services > HTA / Market Access Consulting (Pharma - AMNOG & EU-HTA)"
"Testing, Inspection & Certification",Surface methods (PT/MT/VT),44.5,66.7,66.7,Act now,open,3,5,5,3,3,3,4,1,3,"Testing, Inspection & Certification value chain > Industrial NDT & Materials Testing > Conventional & Advanced NDT Field Services (UT/RT/PT/MT/VT) > Surface methods (PT/MT/VT)"
Building & Facility Technical Services,Air-Conditioning Energy Inspection (§74 GEG / EPBD),44.5,66.7,66.7,Too small,open,3,4,5,2,4,4,4,1,3,"Building & Facility Technical Services value chain > HVAC, Ventilation & Cooling Service > Air-Conditioning Energy Inspection (§74 GEG / EPBD)"
Building & Facility Technical Services,Inside-Building Sewer & Drainage (Grundleitung),44.5,66.7,66.7,Act now,open,3,5,4,4,3,3,4,1,3,"Building & Facility Technical Services value chain > Plumbing, Sanitary & Water Hygiene (SHK) > Inside-Building Sewer & Drainage (Grundleitung)"
Food & Agriculture Services,Meat / dairy / brewery machine service,44.5,66.7,66.7,Act now,open,4,4,4,3,4,3,4,1,3,Food & Agriculture Services value chain > Food-Processing Equipment Service & Hygiene > Food & beverage processing-machine maintenance & repair (manufacturer-independent) > Meat / dairy / brewery machine service
Medical,DiGA / Digital Therapeutics (reimbursed apps),44.4,59.2,75.0,Act now,open,4,4,5,3,5,4,4,5,4,Medical value chain > Digital Health & Health IT > DiGA / Digital Therapeutics (reimbursed apps)
Environmental Services,Radon mitigation (Radonsanierung),44.4,53.3,83.3,Too small,open,3,5,4,2,2,4,5,2,3,Environmental Services value chain > Hazardous-Materials & Pollutant Removal > Radon mitigation (Radonsanierung)
Medical,Precision metal / CNC & implant-grade machining,43.9,65.8,66.7,Act now,open,4,5,4,4,3,3,4,2,3,Medical value chain > Medical Devices & Equipment > OEM Contract Manufacturing & Components (Lohnfertigung/Zulieferer) > Precision metal / CNC & implant-grade machining
Medical,Assisted Living Operators (Betreutes Wohnen / Servicewohnen),43.9,65.8,66.7,Act now,open,4,5,3,4,2,5,4,2,3,Medical value chain > Care Delivery & Providers > Inpatient Long-Term Elderly Care (Stationaere Pflege / Pflegeheime) > Assisted Living Operators (Betreutes Wohnen / Servicewohnen)
Medical,Flexible-endoscope reprocessing,43.9,65.8,66.7,Act now,open,5,4,5,3,2,4,4,2,3,Medical value chain > Healthcare Services & Outsourcing > Sterile Reprocessing & AEMP/ZSVA Outsourcing > Flexible-endoscope reprocessing
Environmental Services,Permit application dossier & procedure management (§4/§16),43.9,65.8,66.7,Act now,open,2,5,5,3,4,4,4,2,3,"Environmental Services value chain > Environmental Consulting, Monitoring & Compliance > Environmental Permitting & Genehmigungsplanung (BImSchG) > Permit application dossier & procedure management (§4/§16)"
Environmental Services,Landfill Aftercare & Monitoring (Deponienachsorge),43.9,65.8,66.7,Act now,open,5,3,5,3,4,3,4,2,3,Environmental Services value chain > Contaminated-Site Remediation & Geo-Environmental > Landfill Aftercare & Monitoring (Deponienachsorge)
Insurance Brokerage & Financial Services,Affinity- & Verbands-/Gruppenschemata (affinity & association schemes),43.9,65.8,66.7,Act now,open,5,3,4,3,4,4,4,2,3,Insurance Brokerage & Financial Services value chain > Retail & Personal-Lines Brokerage > Affinity- & Verbands-/Gruppenschemata (affinity & association schemes)
Insurance Brokerage & Financial Services,Expatriate / internationale Krankenversicherung (expat health niche),43.9,65.8,66.7,Act now,open,4,4,4,3,4,4,4,2,3,Insurance Brokerage & Financial Services value chain > Retail & Personal-Lines Brokerage > Spezial-/Nischen Personal-Lines distribution (assekuradeure & niche brokers) > Expatriate / internationale Krankenversicherung (expat health niche)
Insurance Brokerage & Financial Services,Architekten- & Ingenieur-Berufshaftpflicht brokers (planning/construction professions),43.9,65.8,66.7,Act now,open,5,3,5,3,4,3,4,2,3,Insurance Brokerage & Financial Services value chain > Commercial & Industrial Insurance Brokerage > Architekten- & Ingenieur-Berufshaftpflicht brokers (planning/construction professions)
Medical,Clinical evaluation reports (CER) & PMCF,43.8,87.5,50.0,Act now,open,5,4,5,3,5,5,3,1,3,"Medical value chain > Payers & Regulatory Ecosystem > Regulatory Affairs, Market Access, HTA & Pharmacovigilance Services > Regulatory Affairs / MDR Consulting (Medtech) > Clinical evaluation reports (CER) & PMCF"
Managed IT & Cybersecurity Services,Revisionssichere DMS- & Archivierung-as-a-Service (GoBD-konform),43.8,87.5,50.0,Act now,open,5,5,4,4,4,5,3,1,3,"Managed IT & Cybersecurity Services value chain > Cloud, Hosting & Data-Center Services > Sector-Specific Compliant Hosting (Healthcare & Public Sector) > Revisionssichere DMS- & Archivierung-as-a-Service (GoBD-konform)"
Medical,Full-service / therapeutic-niche clinical CRO,43.7,75.0,58.3,Act now,open,3,3,5,4,4,5,3,1,4,Medical value chain > Pharmaceuticals & Biotech > Contract Research (CRO) & Clinical-Trial Support > Full-service / therapeutic-niche clinical CRO
Medical,Lebensmittel- & Umweltanalytik,43.7,75.0,58.3,Act now,open,4,3,5,5,3,4,3,1,4,"Medical value chain > Diagnostics & Laboratory > Mikrobiologie, Hygiene & Wasser-/Umweltanalytik > Lebensmittel- & Umweltanalytik"
Medical,Veterinary Clinics (Tierarztketten) [healthcare-ADJACENT],43.7,75.0,58.3,Act now,open,3,5,3,5,3,5,3,1,4,Medical value chain > Care Delivery & Providers > Veterinary Clinics (Tierarztketten) [healthcare-ADJACENT]
"Testing, Inspection & Certification",Wireless / Radio Equipment (RED),43.7,75.0,58.3,Act now,open,4,4,5,3,4,4,3,1,4,"Testing, Inspection & Certification value chain > Product Testing & Certification > Wireless / Radio Equipment (RED)"
"Testing, Inspection & Certification",Microbiological & shelf-life testing,43.7,75.0,58.3,Act now,open,5,4,5,4,3,3,4,1,2,"Testing, Inspection & Certification value chain > Food, Feed & Agricultural Testing > Microbiological & shelf-life testing"
Building & Facility Technical Services,Sprinkler & water-mist / water extinguishing systems,43.7,75.0,58.3,Act now,open,5,3,5,4,3,4,3,1,4,Building & Facility Technical Services value chain > Fire Protection Systems (Brandschutz) > Sprinkler & water-mist / water extinguishing systems
Building & Facility Technical Services,Video surveillance (CCTV / Videosicherheit) — install & service,43.7,75.0,58.3,Act now,open,3,5,4,4,3,5,3,1,4,Building & Facility Technical Services value chain > Security & Access Systems > Video surveillance (CCTV / Videosicherheit) — install & service
Food & Agriculture Services,Hoof Care (Klauenpflege),43.7,52.5,83.3,Too small,open,5,5,3,2,3,3,5,3,3,"Food & Agriculture Services value chain > Agricultural Contracting & Farm Services > Livestock Services (Klauenpflege, Besamung, Stallhygiene) > Hoof Care (Klauenpflege)"
Medical,Speech Therapy Practices (Logopaedie / Sprachtherapie),43.4,65.0,66.7,Act now,open,4,5,5,4,3,3,4,3,3,"Medical value chain > Care Delivery & Providers > Non-Physician Outpatient Therapy (Heilmittelerbringer: Physio, Ergo, Logo) > Speech Therapy Practices (Logopaedie / Sprachtherapie)"
Medical,Cloud / Browser-Native PVS Challengers,43.4,86.7,50.0,Act now,open,5,4,5,4,5,5,3,2,3,Medical value chain > Digital Health & Health IT > Ambulatory Practice Management Systems (PVS/AIS) > Cloud / Browser-Native PVS Challengers
Managed IT & Cybersecurity Services,TISAX / Automotive-Zulieferer Informationssicherheit Managed Services,43.4,65.0,66.7,Act now,open,4,4,5,3,4,4,4,3,3,Managed IT & Cybersecurity Services value chain > Managed IT Services & IT-Systemhäuser > TISAX / Automotive-Zulieferer Informationssicherheit Managed Services
Managed IT & Cybersecurity Services,"External DPO for Vereine, gemeinnützige Organisationen & public sector (Kommunen/Schulen)",43.4,86.7,50.0,Act now,open,5,5,5,4,5,4,3,2,3,"Managed IT & Cybersecurity Services value chain > Cybersecurity Consulting, Audit & Compliance > External DPO / DSGVO Compliance-as-a-Service > External DPO for Vereine, gemeinnützige Organisationen & public sector (Kommunen/Schulen)"
Medical,Assisted / Senior Living (Betreutes Wohnen),43.3,74.2,58.3,Act now,open,4,5,3,5,3,5,3,2,4,Medical value chain > Care Delivery & Providers > Assisted / Senior Living (Betreutes Wohnen)
Food & Agriculture Services,Process-water & F&B water-treatment service,43.3,74.2,58.3,Act now,open,5,4,4,4,4,4,3,2,4,Food & Agriculture Services value chain > Food-Processing Equipment Service & Hygiene > Process-water & F&B water-treatment service
Environmental Services,"Waste Brokerage, Trading & Entsorgungsfachbetrieb Services",42.7,73.3,58.3,Act now,open,4,4,5,5,4,4,3,3,4,"Environmental Services value chain > Waste Collection & Disposal > Waste Brokerage, Trading & Entsorgungsfachbetrieb Services"
Medical,SGB V Medical Home Care (Behandlungspflege / häusliche Krankenpflege),42.3,72.5,58.3,Act now,open,5,5,5,5,2,5,3,4,4,Medical value chain > Care Delivery & Providers > Outpatient / Mobile Nursing Services (Ambulante Pflegedienste) > SGB V Medical Home Care (Behandlungspflege / häusliche Krankenpflege)
"Testing, Inspection & Certification",Property valuation & Wertgutachten,41.7,62.5,66.7,Act now,open,2,5,3,4,4,3,4,1,3,"Testing, Inspection & Certification value chain > Construction, Structural & Real-Estate Inspection > Building Surveying & Defect Assessment (Bausachverständige / Baugutachter) > Property valuation & Wertgutachten"
Food & Agriculture Services,Industrial CIP (clean-in-place) systems & hygienic-cleaning service,41.6,83.3,50.0,Act now,open,5,4,5,4,4,4,3,1,3,Food & Agriculture Services value chain > Food-Processing Equipment Service & Hygiene > Industrial CIP (clean-in-place) systems & hygienic-cleaning service
Food & Agriculture Services,Swab / environmental & personnel hygiene monitoring,41.6,83.3,50.0,Act now,open,5,5,4,4,4,4,3,1,3,Food & Agriculture Services value chain > Food-Safety Testing & Laboratories > Environmental hygiene & water testing for food producers > Swab / environmental & personnel hygiene monitoring
Managed IT & Cybersecurity Services,Backup-as-a-Service & Disaster Recovery (DRaaS),41.6,83.3,50.0,Act now,open,5,4,4,4,4,5,3,1,3,"Managed IT & Cybersecurity Services value chain > Cloud, Hosting & Data-Center Services > Backup-as-a-Service & Disaster Recovery (DRaaS)"
Insurance Brokerage & Financial Services,Digitale bAV-Verwaltung (SaaS-TPA-Plattformen),41.6,83.3,50.0,Act now,open,5,3,5,3,5,5,3,1,3,Insurance Brokerage & Financial Services value chain > Employee Benefits & Occupational Pensions (bAV) > Digitale bAV-Verwaltung (SaaS-TPA-Plattformen)
Building & Facility Technical Services,Unterhaltsreinigung (recurring maintenance cleaning),41.3,70.8,58.3,Act now,open,5,5,3,5,2,3,3,1,4,Building & Facility Technical Services value chain > Technical FM & Building Envelope > Gebäudereinigung (Industrie- & Gebäudereinigung) > Unterhaltsreinigung (recurring maintenance cleaning)
Building & Facility Technical Services,F-Gas Leak Checks & Refrigerant Compliance (F-Gase-VO / ChemKlimaschutzV),41.3,91.7,45.0,Too late,restricted,5,5,5,4,4,5,4,1,4,"Building & Facility Technical Services value chain > HVAC, Ventilation & Cooling Service > F-Gas Leak Checks & Refrigerant Compliance (F-Gase-VO / ChemKlimaschutzV)"
Building & Facility Technical Services,Full-service independent maintenance contracts,41.3,91.7,45.0,Too late,restricted,5,5,5,5,4,4,4,1,4,Building & Facility Technical Services value chain > Lift & Escalator Service > Independent (non-OEM) lift maintenance & service > Full-service independent maintenance contracts
Medical,Flexible endoscope repair & reprocessing service,41.2,61.7,66.7,Too small,open,4,4,4,2,4,4,4,2,3,"Medical value chain > Medical Devices & Equipment > Medical Equipment Servicing, Inspection & Maintenance (Medizintechnik-Service) > Flexible endoscope repair & reprocessing service"
"Testing, Inspection & Certification",On-site / field calibration services (vor-Ort-Kalibrierung),41.2,61.7,66.7,Act now,open,4,4,4,3,4,3,4,2,3,"Testing, Inspection & Certification value chain > Calibration & Metrology > On-site / field calibration services (vor-Ort-Kalibrierung)"
"Testing, Inspection & Certification","Facade, Concrete & Building Structural-Safety Inspection (Verkehrssicherheit)",41.2,61.7,66.7,Act now,open,4,4,4,3,3,4,4,2,3,"Testing, Inspection & Certification value chain > Construction, Structural & Real-Estate Inspection > Facade, Concrete & Building Structural-Safety Inspection (Verkehrssicherheit)"
Environmental Services,Environmental Impact Assessment (UVP) & dispersion/immission modelling,41.2,61.7,66.7,Act now,open,2,4,5,3,4,4,4,2,3,"Environmental Services value chain > Environmental Consulting, Monitoring & Compliance > Environmental Permitting & Genehmigungsplanung (BImSchG) > Environmental Impact Assessment (UVP) & dispersion/immission modelling"
Environmental Services,PCB / PAK / PCP & heavy-metal decontamination (TRGS 524),41.2,61.7,66.7,Act now,open,3,4,5,4,2,4,4,2,3,"Environmental Services value chain > Hazardous-Materials & Pollutant Removal > Other building pollutant remediation (KMF, PCB, PAK, lead, heavy metals) > PCB / PAK / PCP & heavy-metal decontamination (TRGS 524)"
Food & Agriculture Services,Bakery machine service (Bäckereimaschinen),41.2,61.7,66.7,Act now,open,4,5,3,3,4,3,4,2,3,Food & Agriculture Services value chain > Food-Processing Equipment Service & Hygiene > Food & beverage processing-machine maintenance & repair (manufacturer-independent) > Bakery machine service (Bäckereimaschinen)
Food & Agriculture Services,"Land management, leasing & estate administration",41.2,61.7,66.7,Too small,open,4,5,4,2,4,3,4,2,3,"Food & Agriculture Services value chain > Agri-Inputs Distribution, Advisory & Land Management > Farm Succession & Land-Management / Estate Services > Land management, leasing & estate administration"
Managed IT & Cybersecurity Services,Energy / Stadtwerke & Grid OT Security Monitoring,41.2,82.5,50.0,Act now,open,5,4,5,4,4,5,3,2,3,Managed IT & Cybersecurity Services value chain > Managed Security Services (SOC / MDR / SIEM) > OT / ICS Security Monitoring (Industrial SOC for KRITIS & manufacturing) > Energy / Stadtwerke & Grid OT Security Monitoring
"Testing, Inspection & Certification",Energy & Environmental Management Certification (ISO 50001 / EMAS),40.8,70.0,58.3,Act now,open,5,3,5,3,4,4,3,2,4,"Testing, Inspection & Certification value chain > Management-System & Process Certification > Energy & Environmental Management Certification (ISO 50001 / EMAS)"
Medical,Outsourced reusable-instrument reprocessing (AEMP/ZSVA services),40.6,60.8,66.7,Act now,open,5,3,5,3,3,4,4,3,3,Medical value chain > Medical Devices & Equipment > Reprocessing / Reconditioning of Medical Devices (Aufbereitung) > Outsourced reusable-instrument reprocessing (AEMP/ZSVA services)
Building & Facility Technical Services,PV / Solar Install & O&M,40.6,60.8,66.7,Act now,open,3,5,3,5,3,4,4,3,3,Building & Facility Technical Services value chain > Electrical Services & Building Automation > PV / Solar Install & O&M
Medical,Rehab Equipment Rental & Reissue (Reha-Technik / Wiedereinsatz),40.3,69.2,58.3,Act now,open,5,4,5,4,3,4,3,3,4,Medical value chain > Distribution & Medical Retail > Medical Supply Stores & Homecare (Sanitatshauser / Hilfsmittel) > Rehab Equipment Rental & Reissue (Reha-Technik / Wiedereinsatz)
Medical,SGB XI Basic Care (Grundpflege / Pflegesachleistung),39.8,68.3,58.3,Act now,open,5,5,4,5,2,5,3,4,4,Medical value chain > Care Delivery & Providers > Outpatient / Mobile Nursing Services (Ambulante Pflegedienste) > SGB XI Basic Care (Grundpflege / Pflegesachleistung)
Food & Agriculture Services,"Harvesting (Ernte: Silage, Mähdrusch, Hackfrucht)",39.7,43.3,91.7,Watchlist,open,4,5,2,4,2,3,5,4,4,"Food & Agriculture Services value chain > Agricultural Contracting & Farm Services > Agricultural Contracting (Lohnunternehmen) > Harvesting (Ernte: Silage, Mähdrusch, Hackfrucht)"
Medical,"Krankenhaushygiene, Trinkwasser & Legionellen",39.6,79.2,50.0,Act now,open,5,4,5,4,3,4,3,1,3,"Medical value chain > Diagnostics & Laboratory > Mikrobiologie, Hygiene & Wasser-/Umweltanalytik > Krankenhaushygiene, Trinkwasser & Legionellen"
Building & Facility Technical Services,Building Energy Monitoring & Management,39.6,79.2,50.0,Act now,open,5,3,4,3,5,5,3,1,3,Building & Facility Technical Services value chain > Electrical Services & Building Automation > Building Energy Monitoring & Management
Building & Facility Technical Services,Smoke & heat exhaust ventilation (RWA / SHEV),39.6,79.2,50.0,Act now,open,5,4,5,3,4,4,3,1,3,Building & Facility Technical Services value chain > Fire Protection Systems (Brandschutz) > Smoke & heat exhaust ventilation (RWA / SHEV)
Building & Facility Technical Services,RLT Hygiene Inspection (Erst-/Wiederholungsinspektion),39.6,79.2,50.0,Act now,open,5,4,5,3,4,4,3,1,3,"Building & Facility Technical Services value chain > HVAC, Ventilation & Cooling Service > Ventilation/RLT Hygiene Inspection & Cleaning (VDI 6022) > RLT Hygiene Inspection (Erst-/Wiederholungsinspektion)"
Food & Agriculture Services,General Commercial & Urban Pest Control (Gewerbe/Kammerjäger),39.6,79.2,50.0,Act now,open,4,5,3,5,4,4,2,1,5,Food & Agriculture Services value chain > Pest Control & Food-Industry Hygiene > Commercial & Food-Industry Pest Control (Schädlingsbekämpfung / HACCP-Monitoring) > General Commercial & Urban Pest Control (Gewerbe/Kammerjäger)
Managed IT & Cybersecurity Services,Microsoft Dynamics 365 Business Central Partners (Mittelstand ERP),39.6,79.2,50.0,Act now,open,5,4,4,4,4,4,3,1,3,Managed IT & Cybersecurity Services value chain > ERP & Business-Software Management > Microsoft Dynamics 365 Business Central Partners (Mittelstand ERP)
Managed IT & Cybersecurity Services,DATEVasp / PartnerASP Kanzlei-Hosting,39.6,79.2,50.0,Act now,open,5,4,5,3,4,4,3,1,3,Managed IT & Cybersecurity Services value chain > ERP & Business-Software Management > DATEV Solution Partner & Kanzlei-IT (Steuerberater environments) > DATEVasp / PartnerASP Kanzlei-Hosting
Environmental Services,Abfall- & Gewässerschutzbeauftragter (§59 KrWG / §64 WHG),39.4,87.5,45.0,Too late,restricted,5,5,5,3,5,4,5,1,3,"Environmental Services value chain > Environmental Consulting, Monitoring & Compliance > Outsourced Statutory Environmental Officers (Betriebsbeauftragte) > Abfall- & Gewässerschutzbeauftragter (§59 KrWG / §64 WHG)"
Food & Agriculture Services,Industrial refrigeration service for food plants (NH3/CO2),39.4,87.5,45.0,Too late,restricted,5,4,5,4,4,5,4,1,3,Food & Agriculture Services value chain > Food-Processing Equipment Service & Hygiene > Industrial refrigeration service for food plants (NH3/CO2)
Insurance Brokerage & Financial Services,Generalist SME commercial brokers (Gewerbemakler),39.1,78.3,50.0,Act now,open,5,5,4,5,4,3,2,2,5,Insurance Brokerage & Financial Services value chain > Commercial & Industrial Insurance Brokerage > Generalist SME commercial brokers (Gewerbemakler)
"Testing, Inspection & Certification",Quality Management (ISO 9001),38.9,66.7,58.3,Act now,open,5,3,4,4,4,2,3,1,4,"Testing, Inspection & Certification value chain > Management-System & Process Certification > Generic ISO Management-System Certification (ISO 9001/14001/45001) > Quality Management (ISO 9001)"
Building & Facility Technical Services,Lift modernisation & repair,38.9,66.7,58.3,Act now,open,3,4,4,4,3,4,3,1,4,Building & Facility Technical Services value chain > Lift & Escalator Service > Lift modernisation & repair
Medical,KIM / TIM Secure Messaging,38.8,77.5,50.0,Act now,open,5,4,5,3,5,5,3,3,3,Medical value chain > Digital Health & Health IT > Telematikinfrastruktur (TI) & gematik Ecosystem > KIM / TIM Secure Messaging
Medical,Refurbishment & Trade of Used Medical Equipment (Gebrauchtgeraetehandel),38.4,57.5,66.7,Act now,open,3,5,4,3,3,3,4,2,3,Medical value chain > Medical Devices & Equipment > Refurbishment & Trade of Used Medical Equipment (Gebrauchtgeraetehandel)
Medical,"Sharps, cytotoxic & small-quantity practice waste",38.4,57.5,66.7,Act now,open,4,4,5,3,2,3,4,2,3,"Medical value chain > Healthcare Services & Outsourcing > Medical & Hazardous Waste Disposal (Entsorgung) > Sharps, cytotoxic & small-quantity practice waste"
Medical,Multivendor imaging/radiology equipment service (MRT/CT/Röntgen),38.4,57.5,66.7,Act now,open,4,3,3,3,4,4,4,2,3,"Medical value chain > Medical Devices & Equipment > Medical Equipment Servicing, Inspection & Maintenance (Medizintechnik-Service) > Multivendor imaging/radiology equipment service (MRT/CT/Röntgen)"
"Testing, Inspection & Certification",Dimensional metrology (Längenmesstechnik / 3D-Koordinatenmesstechnik),38.4,57.5,66.7,Act now,open,4,4,4,3,3,3,4,2,3,"Testing, Inspection & Certification value chain > Calibration & Metrology > Accredited calibration laboratories (DAkkS/ISO 17025, fixed-lab) > Dimensional metrology (Längenmesstechnik / 3D-Koordinatenmesstechnik)"
Environmental Services,High-Pressure Sewer Flushing (Kanalreinigung / HD-Spuelung),38.4,65.8,58.3,Act now,open,4,5,4,5,2,3,3,2,4,Environmental Services value chain > Industrial & Sewer Cleaning Services > Sewer & Drain Cleaning + CCTV Inspection (Kanalreinigung / TV-Inspektion) > High-Pressure Sewer Flushing (Kanalreinigung / HD-Spuelung)
Environmental Services,Water damage & structural drying (Wasserschaden/Bautrocknung),38.4,65.8,58.3,Act now,open,5,4,2,5,3,4,3,2,4,Environmental Services value chain > Hazardous-Materials & Pollutant Removal > Fire & water damage restoration (Brand-/Wasserschadensanierung) > Water damage & structural drying (Wasserschaden/Bautrocknung)
Environmental Services,Water-Network Leak Detection & Loss Management,38.4,57.5,66.7,Act now,open,4,3,3,3,4,4,4,2,3,Environmental Services value chain > Water & Wastewater Services > Water-Network Leak Detection & Loss Management
Insurance Brokerage & Financial Services,Construction / Bau specialist brokers,38.4,65.8,58.3,Act now,open,4,4,4,4,4,3,3,2,4,Insurance Brokerage & Financial Services value chain > Commercial & Industrial Insurance Brokerage > Construction / Bau specialist brokers
Medical,Electro-medical safety testing (DGUV V3 / DIN EN 62353 / VDE 0751),38.2,91.7,41.7,Too late,open,5,5,5,4,5,4,2,1,4,"Medical value chain > Medical Devices & Equipment > Medical Equipment Servicing, Inspection & Maintenance (Medizintechnik-Service) > Electro-medical safety testing (DGUV V3 / DIN EN 62353 / VDE 0751)"
Medical,Contract QC & Stability-Testing Labs,37.5,75.0,50.0,Act now,open,4,4,5,3,4,4,3,1,3,Medical value chain > Pharmaceuticals & Biotech > Contract QC & Stability-Testing Labs
Medical,In-vitro / pipette calibration services,37.5,75.0,50.0,Act now,open,5,4,5,3,4,3,3,1,3,"Medical value chain > Medical Devices & Equipment > Medical Equipment Servicing, Inspection & Maintenance (Medizintechnik-Service) > Calibration & metrology of medical equipment (DAkkS/ISO 17025) > In-vitro / pipette calibration services"
"Testing, Inspection & Certification",Environmental & OH&S (ISO 14001 / ISO 45001),37.5,75.0,50.0,Act now,open,5,3,4,4,4,4,3,1,3,"Testing, Inspection & Certification value chain > Management-System & Process Certification > Generic ISO Management-System Certification (ISO 9001/14001/45001) > Environmental & OH&S (ISO 14001 / ISO 45001)"
Building & Facility Technical Services,Emergency & safety lighting (Sicherheitsbeleuchtung),37.5,83.3,45.0,Too late,restricted,5,5,5,3,4,4,3,1,3,Building & Facility Technical Services value chain > Fire Protection Systems (Brandschutz) > Emergency & safety lighting (Sicherheitsbeleuchtung)
Building & Facility Technical Services,Alarm receiving & monitoring centres (NSL / Leitstellen),37.5,83.3,45.0,Too late,restricted,5,4,5,3,5,4,3,1,3,Building & Facility Technical Services value chain > Security & Access Systems > Alarm receiving & monitoring centres (NSL / Leitstellen)
Building & Facility Technical Services,Boiler / Heating Maintenance Contracts,37.5,83.3,45.0,Too late,restricted,5,5,3,5,4,4,3,1,4,"Building & Facility Technical Services value chain > Plumbing, Sanitary & Water Hygiene (SHK) > Heating Installation & Service (incl. Wärmepumpe) > Boiler / Heating Maintenance Contracts"
Managed IT & Cybersecurity Services,Business Connectivity Resale & Regional Carriers,37.5,75.0,50.0,Act now,open,5,5,4,4,3,3,3,1,3,"Managed IT & Cybersecurity Services value chain > Network, Connectivity & Unified Communications > Business Connectivity Resale & Regional Carriers"
Managed IT & Cybersecurity Services,Managed Privileged Access Management (PAMaaS),37.5,75.0,50.0,Too small,open,5,4,5,2,4,4,3,1,3,"Managed IT & Cybersecurity Services value chain > Identity, Endpoint & Device Management > Managed IAM / Identity Governance as a Service > Managed Privileged Access Management (PAMaaS)"
Medical,Compression Therapy & Bandagen (Kompressionsversorgung),37.4,64.2,58.3,Act now,open,4,5,5,4,3,4,3,4,4,Medical value chain > Distribution & Medical Retail > Medical Supply Stores & Homecare (Sanitatshauser / Hilfsmittel) > Sanitatshaus Retail & Custom Aids > Compression Therapy & Bandagen (Kompressionsversorgung)
Medical,Laboratory Information Systems (LIS/LIMS),37.1,74.2,50.0,Act now,open,4,5,4,3,5,4,3,2,3,Medical value chain > Digital Health & Health IT > Diagnostic Imaging & Laboratory IT (PACS/RIS/LIS) > Laboratory Information Systems (LIS/LIMS)
Medical,MD / Quality & Billing Modules,37.1,74.2,50.0,Act now,open,4,4,5,3,5,4,3,2,3,Medical value chain > Digital Health & Health IT > Care-Home & Nursing Documentation Software (Pflegesoftware) > MD / Quality & Billing Modules
Food & Agriculture Services,"Packaging & Sustainability Certification (FSC/PEFC, EPR/LUCID compliance)",37.1,74.2,50.0,Act now,open,4,4,5,3,4,5,3,2,3,"Food & Agriculture Services value chain > Food Certification & Auditing > Packaging & Sustainability Certification (FSC/PEFC, EPR/LUCID compliance)"
Insurance Brokerage & Financial Services,Composite Privat- & Gewerbe-Sach Scheme MGAs (Deckungskonzept-Assekuradeure),37.1,74.2,50.0,Act now,open,5,4,4,4,4,4,3,2,3,Insurance Brokerage & Financial Services value chain > Specialty & Niche Underwriting Agencies (Assekuradeure / MGA) > Composite Privat- & Gewerbe-Sach Scheme MGAs (Deckungskonzept-Assekuradeure)
Insurance Brokerage & Financial Services,Transport / Logistik / Spedition brokers (Verkehrshaftung & Warentransport),37.1,74.2,50.0,Act now,open,5,4,5,4,4,3,3,2,3,Insurance Brokerage & Financial Services value chain > Commercial & Industrial Insurance Brokerage > Transport / Logistik / Spedition brokers (Verkehrshaftung & Warentransport)
Food & Agriculture Services,"Sowing, Tillage & Crop Establishment",36.8,44.2,83.3,Watchlist,open,3,5,2,4,2,3,5,3,3,"Food & Agriculture Services value chain > Agricultural Contracting & Farm Services > Agricultural Contracting (Lohnunternehmen) > Sowing, Tillage & Crop Establishment"
Food & Agriculture Services,Forestry Services (Forstdienstleister),36.8,44.2,83.3,Watchlist,open,3,5,3,3,2,3,5,3,3,Food & Agriculture Services value chain > Agricultural Contracting & Farm Services > Forestry Services (Forstdienstleister)
Medical,Telemedicine & Patient Engagement Platforms,36.6,73.3,50.0,Act now,open,4,4,4,4,5,5,3,3,3,Medical value chain > Digital Health & Health IT > Telemedicine & Patient Engagement Platforms
Medical,Medical Billing & Coding Software / Services,36.6,73.3,50.0,Act now,open,5,4,4,4,5,4,3,3,3,Medical value chain > Digital Health & Health IT > Medical Billing & Coding Software / Services
Medical,Electrical-safety inspection under DGUV Vorschrift 3,36.5,87.5,41.7,Too late,open,5,5,5,5,4,3,2,1,4,"Medical value chain > Medical Devices & Equipment > Medical Equipment Servicing, Inspection & Maintenance (Medizintechnik-Service) > Statutory safety & metrology inspections (STK/MTK per MPBetreibV) > Electrical-safety inspection under DGUV Vorschrift 3"
Building & Facility Technical Services,TGA-Wartung & Instandhaltung (HLK/Sanitär/Elektro),36.5,87.5,41.7,Too late,restricted,5,5,4,5,4,4,2,1,4,Building & Facility Technical Services value chain > Technical FM & Building Envelope > Technisches Gebäudemanagement (TGM / Wartung-Bundles) > TGA-Wartung & Instandhaltung (HLK/Sanitär/Elektro)
"Testing, Inspection & Certification",Geotechnical / soil investigation (Baugrundgutachten),36.2,54.2,66.7,Watchlist,open,2,5,4,3,3,2,4,1,3,"Testing, Inspection & Certification value chain > Construction, Structural & Real-Estate Inspection > Geotechnical & Building-Material Site Testing (Baugrund- / Baustoffprüfung) > Geotechnical / soil investigation (Baugrundgutachten)"
Medical,Qualified Person (QP) on demand & batch release,35.6,79.2,45.0,Too late,restricted,4,4,5,3,5,4,4,1,4,Medical value chain > Pharmaceuticals & Biotech > GxP / GMP Compliance Services > Qualified Person (QP) on demand & batch release
Medical,Pharma & medtech external DSB (life-sciences specialist),35.6,79.2,45.0,Too small,restricted,5,4,5,2,5,4,5,1,3,Medical value chain > Payers & Regulatory Ecosystem > Healthcare Data-Protection & Labelling Compliance Services > External Data-Protection Officer (DSB) for Healthcare > Pharma & medtech external DSB (life-sciences specialist)
Medical,Local safety officer – Stufenplanbeauftragter (§63a AMG),35.6,79.2,45.0,Too small,restricted,5,4,5,2,5,4,3,1,3,"Medical value chain > Payers & Regulatory Ecosystem > Regulatory Affairs, Market Access, HTA & Pharmacovigilance Services > Pharmacovigilance Outsourcing (QPPV / Stufenplanbeauftragter) > Local safety officer – Stufenplanbeauftragter (§63a AMG)"
Medical,Digital-Pathology Scanning Services,35.6,53.3,66.7,Watchlist,open,3,3,3,3,3,5,4,2,3,Medical value chain > Diagnostics & Laboratory > Pathologie & Histologie > Digital-Pathology Scanning Services
Medical,Aesthetic / Self-Pay Medicine Clinics (Ästhetische Medizin),35.6,79.2,45.0,Too late,restricted,3,5,3,4,5,5,4,1,3,Medical value chain > Care Delivery & Providers > Aesthetic / Self-Pay Medicine Clinics (Ästhetische Medizin)
"Testing, Inspection & Certification",Dimensional & Geometric Metrology Services (CMM/CT Lohnmessung),35.6,53.3,66.7,Watchlist,open,3,5,3,3,3,3,4,2,3,"Testing, Inspection & Certification value chain > Industrial NDT & Materials Testing > Dimensional & Geometric Metrology Services (CMM/CT Lohnmessung)"
Building & Facility Technical Services,Dach-Service & Flachdach-Inspektion (Dachdecker),35.6,79.2,45.0,Too late,restricted,4,5,4,5,3,4,4,1,4,Building & Facility Technical Services value chain > Technical FM & Building Envelope > Dach-Service & Flachdach-Inspektion (Dachdecker)
Building & Facility Technical Services,Building Cooling / Chillers & Data-Centre Cooling,35.6,79.2,45.0,Too late,restricted,5,4,3,4,4,5,3,1,3,"Building & Facility Technical Services value chain > HVAC, Ventilation & Cooling Service > Building Cooling / Chillers & Data-Centre Cooling"
Building & Facility Technical Services,Backflow Prevention / RPZ & Systemtrenner Testing,35.6,79.2,45.0,Too late,restricted,5,5,5,3,4,3,4,1,3,"Building & Facility Technical Services value chain > Plumbing, Sanitary & Water Hygiene (SHK) > Backflow Prevention / RPZ & Systemtrenner Testing"
Environmental Services,UHP Water Jetting (Wasserhoechstdruck),35.6,53.3,66.7,Watchlist,open,3,4,4,4,2,3,4,2,3,Environmental Services value chain > Industrial & Sewer Cleaning Services > Industrial High-Pressure & Vacuum Cleaning (Hoechstdruck / Saugtechnik) > UHP Water Jetting (Wasserhoechstdruck)
Environmental Services,Brownfield Redevelopment Services (Flaechenrecycling),35.6,53.3,66.7,Watchlist,open,2,4,4,3,3,4,4,2,3,Environmental Services value chain > Contaminated-Site Remediation & Geo-Environmental > Brownfield Redevelopment Services (Flaechenrecycling)
Environmental Services,Indirect-Discharger Pretreatment (Vorbehandlung) Design-Build,35.6,53.3,66.7,Watchlist,open,3,3,5,3,3,3,4,2,3,Environmental Services value chain > Water & Wastewater Services > Industrial Wastewater Treatment & Plant Operation > Indirect-Discharger Pretreatment (Vorbehandlung) Design-Build
Managed IT & Cybersecurity Services,KRITIS Nachweispruefung (accredited pruefende Stellen),35.6,79.2,45.0,Too small,restricted,5,3,5,2,5,5,3,1,3,"Managed IT & Cybersecurity Services value chain > Cybersecurity Consulting, Audit & Compliance > NIS2 / KRITIS Readiness & Compliance Advisory > KRITIS Nachweispruefung (accredited pruefende Stellen)"
Medical,Sterile Barrier Packaging & Contract Sterilization,35.4,70.8,50.0,Act now,open,4,3,5,4,3,4,3,1,3,Medical value chain > Medical Devices & Equipment > Sterile Barrier Packaging & Contract Sterilization
"Testing, Inspection & Certification",Materials & Mechanical Testing Labs (ISO 17025),35.4,70.8,50.0,Act now,open,3,4,5,4,4,3,3,1,3,"Testing, Inspection & Certification value chain > Industrial NDT & Materials Testing > Materials & Mechanical Testing Labs (ISO 17025)"
Building & Facility Technical Services,"GLT/BMS integration, service & modernization",35.4,70.8,50.0,Act now,open,4,4,3,4,3,5,3,1,3,"Building & Facility Technical Services value chain > Electrical Services & Building Automation > Building Automation & GLT/BMS Integration (KNX/DDC/MSR) > GLT/BMS integration, service & modernization"
Building & Facility Technical Services,Cleanroom HVAC Qualification & Maintenance (overlaps Pharma),35.4,70.8,50.0,Act now,open,4,3,5,3,4,4,3,1,3,"Building & Facility Technical Services value chain > HVAC, Ventilation & Cooling Service > Cleanroom HVAC Qualification & Maintenance (overlaps Pharma)"
Environmental Services,Used Cooking Oil & Grease Recycling (Altspeisefett / UCO-to-Biodiesel),35.4,60.8,58.3,Act now,open,5,4,4,3,3,4,3,3,4,Environmental Services value chain > Recycling & Materials Recovery > Used Cooking Oil & Grease Recycling (Altspeisefett / UCO-to-Biodiesel)
Food & Agriculture Services,Disinfection Services (Desinfektion / IfSG),35.4,70.8,50.0,Act now,open,4,5,4,3,4,3,3,1,3,Food & Agriculture Services value chain > Pest Control & Food-Industry Hygiene > Disinfection Services (Desinfektion / IfSG)
Food & Agriculture Services,Food-Plant Deep Cleaning & CIP Hygiene Services,35.4,70.8,50.0,Act now,open,5,3,4,4,3,4,3,1,3,Food & Agriculture Services value chain > Pest Control & Food-Industry Hygiene > Food-Plant Deep Cleaning & CIP Hygiene Services
Food & Agriculture Services,Mycotoxin testing,35.4,70.8,50.0,Act now,open,4,4,5,3,3,4,3,1,3,Food & Agriculture Services value chain > Food-Safety Testing & Laboratories > Chemical residues & contaminants > Mycotoxin testing
Food & Agriculture Services,Cold-store & commercial refrigeration service (Gewerbekälte),35.2,78.3,45.0,Too late,restricted,5,5,5,4,3,4,3,2,4,Food & Agriculture Services value chain > Cold-Chain & Food Logistics > Cold-store & commercial refrigeration service (Gewerbekälte)
Food & Agriculture Services,"Weighing, checkweighing & foreign-body inspection equipment service",35.2,78.3,45.0,Too late,restricted,5,4,5,4,4,4,4,2,4,"Food & Agriculture Services value chain > Food-Processing Equipment Service & Hygiene > Weighing, checkweighing & foreign-body inspection equipment service"
Insurance Brokerage & Financial Services,Swiss independent portfolio managers post-FINIG,35.2,78.3,45.0,Too late,restricted,5,4,5,4,5,3,3,2,4,Insurance Brokerage & Financial Services value chain > Financial & Investment Advisory Distribution > Independent portfolio managers / Vermögensverwalter (§15 WpIG · FINIG) > Swiss independent portfolio managers post-FINIG
Medical,Pharma Cold-Chain Logistics & GDP Distribution,35.0,70.0,50.0,Act now,open,4,4,5,5,2,4,3,2,3,Medical value chain > Pharmaceuticals & Biotech > Pharma Cold-Chain Logistics & GDP Distribution
Medical,Specialty-Specific AIS,35.0,70.0,50.0,Act now,open,4,4,4,3,5,4,3,2,3,Medical value chain > Digital Health & Health IT > Ambulatory Practice Management Systems (PVS/AIS) > Specialty-Specific AIS
"Testing, Inspection & Certification",External Occupational Physicians / Arbeitsmedizinische Betreuung (light),35.0,70.0,50.0,Act now,open,5,3,5,4,3,4,3,2,3,"Testing, Inspection & Certification value chain > Fire & Occupational-Safety Inspection & Advisory > External Occupational Physicians / Arbeitsmedizinische Betreuung (light)"
Environmental Services,Workplace hazardous-substance / exposure measurement (TRGS 402),35.0,70.0,50.0,Act now,open,4,4,5,3,4,4,3,2,3,"Environmental Services value chain > Environmental Consulting, Monitoring & Compliance > Emissions & Immissions Measurement (accredited Messstellen) > Workplace hazardous-substance / exposure measurement (TRGS 402)"
Environmental Services,Construction & Demolition Material Recycling (Bauschutt),35.0,60.0,58.3,Act now,open,4,5,4,5,3,3,3,4,4,Environmental Services value chain > Recycling & Materials Recovery > Construction & Demolition Material Recycling (Bauschutt)
Environmental Services,Aerial-Photo Analysis & Detection Survey (Luftbildauswertung / Sondierung),35.0,52.5,66.7,Too small,open,3,4,5,2,4,3,4,3,3,Environmental Services value chain > Contaminated-Site Remediation & Geo-Environmental > War-Ordnance / UXO Clearance (Kampfmittelraeumung) > Aerial-Photo Analysis & Detection Survey (Luftbildauswertung / Sondierung)
Environmental Services,Medical / Clinical Waste Collection & Disposal,35.0,70.0,50.0,Act now,open,5,3,5,4,3,4,3,2,3,Environmental Services value chain > Waste Collection & Disposal > Medical / Clinical Waste Collection & Disposal
Environmental Services,Disposal-Compliance Documentation (eANV / Nachweisverfahren),35.0,70.0,50.0,Too small,open,5,3,5,2,5,4,3,2,3,Environmental Services value chain > Waste Collection & Disposal > Disposal-Compliance Documentation (eANV / Nachweisverfahren)
Insurance Brokerage & Financial Services,Transport & logistics specialist brokers,35.0,70.0,50.0,Act now,open,5,4,4,4,4,3,3,2,3,Insurance Brokerage & Financial Services value chain > Commercial & Industrial Insurance Brokerage > Transport & logistics specialist brokers
Building & Facility Technical Services,Portable & mobile extinguishers (Feuerlöscher) service,34.7,83.3,41.7,Too late,open,5,5,5,4,4,3,2,1,4,Building & Facility Technical Services value chain > Fire Protection Systems (Brandschutz) > Portable extinguishers & wall-hydrant / water-supply service > Portable & mobile extinguishers (Feuerlöscher) service
Building & Facility Technical Services,"Schädlingsbekämpfung & Monitoring (FM-nah, food-overlap)",34.7,83.3,41.7,Too late,open,5,4,5,4,4,4,2,1,4,"Building & Facility Technical Services value chain > Technical FM & Building Envelope > Schädlingsbekämpfung & Monitoring (FM-nah, food-overlap)"
Building & Facility Technical Services,Fire + security integration (GMA / Gefahrenmeldeanlagen),34.7,83.3,41.7,Too late,restricted,5,3,5,5,4,4,2,1,4,Building & Facility Technical Services value chain > Security & Access Systems > Fire + security integration (GMA / Gefahrenmeldeanlagen)
Environmental Services,EHS / Environmental Management Software (SaaS),34.7,83.3,41.7,Too late,open,5,3,4,4,5,5,2,1,4,"Environmental Services value chain > Environmental Consulting, Monitoring & Compliance > EHS / Environmental Management Software (SaaS)"
Managed IT & Cybersecurity Services,EDR/XDR-bundled MDR (channel/vendor-led),34.7,83.3,41.7,Too late,open,5,4,4,5,3,5,2,1,4,Managed IT & Cybersecurity Services value chain > Managed Security Services (SOC / MDR / SIEM) > SOC-as-a-Service / Managed Detection & Response (MDR) for Mittelstand > EDR/XDR-bundled MDR (channel/vendor-led)
Medical,"Specialty-specific AIS (dental, psychotherapy, ophthalmology)",34.4,82.5,41.7,Too late,open,4,5,5,4,5,4,2,2,4,"Medical value chain > Digital Health & Health IT > Ambulatory Practice Management Systems (PVS/AIS) > Specialty-specific AIS (dental, psychotherapy, ophthalmology)"
Medical,Dialysis / oncology recurring transport,33.9,50.8,66.7,Watchlist,open,5,5,4,3,2,4,4,5,3,Medical value chain > Healthcare Services & Outsourcing > Non-Emergency Patient Transport (Krankenfahrten/Krankentransport) > Dialysis / oncology recurring transport
Medical,QP-on-demand / QP-as-a-service (Sachkundige Person §14 AMG),33.8,75.0,45.0,Too small,restricted,4,4,5,2,5,4,4,1,3,Medical value chain > Pharmaceuticals & Biotech > GxP / GMP Compliance Services > GMP/GxP consulting & auditing > QP-on-demand / QP-as-a-service (Sachkundige Person §14 AMG)
Medical,Literature monitoring & signal management,33.8,75.0,45.0,Too small,restricted,5,4,5,2,4,4,5,1,3,"Medical value chain > Payers & Regulatory Ecosystem > Regulatory Affairs, Market Access, HTA & Pharmacovigilance Services > Pharmacovigilance Outsourcing (QPPV / Stufenplanbeauftragter) > Literature monitoring & signal management"
Medical,DAkkS-accredited medical measuring-device calibration labs,33.8,75.0,45.0,Too late,restricted,5,3,5,3,4,4,4,1,3,"Medical value chain > Medical Devices & Equipment > Medical Equipment Servicing, Inspection & Maintenance (Medizintechnik-Service) > Calibration & metrology of medical equipment (DAkkS/ISO 17025) > DAkkS-accredited medical measuring-device calibration labs"
Building & Facility Technical Services,E-Check private / residential safety seal,33.8,75.0,45.0,Too late,restricted,4,4,4,4,4,4,4,1,3,Building & Facility Technical Services value chain > Electrical Services & Building Automation > Statutory Electrical Safety Testing (DGUV V3 / E-Check) > E-Check private / residential safety seal
Building & Facility Technical Services,Industrial Process Refrigeration & Ammonia/NH3 Plants,33.8,75.0,45.0,Too late,restricted,5,4,5,3,3,4,4,1,3,"Building & Facility Technical Services value chain > HVAC, Ventilation & Cooling Service > Commercial & Industrial Refrigeration Service (Gewerbe-/Industriekälte) > Industrial Process Refrigeration & Ammonia/NH3 Plants"
Environmental Services,Backflow / RPZ & Systemtrenner Testing,33.8,75.0,45.0,Too small,restricted,5,5,5,2,4,3,4,1,3,Environmental Services value chain > Water & Wastewater Services > Drinking-Water & Legionella Testing > Backflow / RPZ & Systemtrenner Testing
"Testing, Inspection & Certification",Building-material & on-site concrete testing (Baustoffprüfung),33.5,57.5,58.3,Act now,open,3,5,4,3,3,3,3,2,4,"Testing, Inspection & Certification value chain > Construction, Structural & Real-Estate Inspection > Geotechnical & Building-Material Site Testing (Baugrund- / Baustoffprüfung) > Building-material & on-site concrete testing (Baustoffprüfung)"
"Testing, Inspection & Certification","Product-Chain, Organic & Regulated-Process Certification (light)",33.5,57.5,58.3,Too small,open,5,3,5,2,3,3,3,2,4,"Testing, Inspection & Certification value chain > Management-System & Process Certification > Product-Chain, Organic & Regulated-Process Certification (light)"
Medical,Serialisation / Track-&-Trace & Anti-Counterfeiting Compliance,33.4,66.7,50.0,Act now,open,4,3,5,3,4,3,3,1,3,Medical value chain > Pharmaceuticals & Biotech > Serialisation / Track-&-Trace & Anti-Counterfeiting Compliance
Medical,Independent multivendor maintenance & repair (hospital biomed),33.4,74.2,45.0,Too late,restricted,4,5,4,4,4,4,4,2,3,"Medical value chain > Medical Devices & Equipment > Medical Equipment Servicing, Inspection & Maintenance (Medizintechnik-Service) > Independent multivendor maintenance & repair (hospital biomed)"
Medical,Fertility Clinics (Kinderwunschzentren / IVF),33.4,74.2,45.0,Too late,restricted,3,4,5,4,4,5,3,2,4,Medical value chain > Care Delivery & Providers > Outpatient Physician Roll-ups via MVZ > Fertility Clinics (Kinderwunschzentren / IVF)
Medical,Medical Translation & Labelling Compliance (ISO 17100 / MDR),33.4,66.7,50.0,Act now,open,3,4,4,3,4,4,3,1,3,Medical value chain > Payers & Regulatory Ecosystem > Healthcare Data-Protection & Labelling Compliance Services > Medical Translation & Labelling Compliance (ISO 17100 / MDR)
"Testing, Inspection & Certification",Electrical & RF/HF calibration,33.4,66.7,50.0,Act now,open,4,4,4,3,4,3,3,1,3,"Testing, Inspection & Certification value chain > Calibration & Metrology > Accredited calibration laboratories (DAkkS/ISO 17025, fixed-lab) > Electrical & RF/HF calibration"
"Testing, Inspection & Certification","Volumetric & advanced UT (PAUT/TOFD, RT/digital radiography)",33.4,66.7,50.0,Act now,open,3,4,5,3,3,4,3,1,3,"Testing, Inspection & Certification value chain > Industrial NDT & Materials Testing > Conventional & Advanced NDT Field Services (UT/RT/PT/MT/VT) > Volumetric & advanced UT (PAUT/TOFD, RT/digital radiography)"
"Testing, Inspection & Certification",Metallurgical & Failure Analysis (VDI 3822),33.4,50.0,66.7,Too small,open,2,4,3,2,4,3,4,1,3,"Testing, Inspection & Certification value chain > Industrial NDT & Materials Testing > Metallurgical & Failure Analysis (VDI 3822)"
"Testing, Inspection & Certification",Filling stations & fuel/chemical tank systems,33.4,74.2,45.0,Too late,restricted,5,4,5,4,4,3,4,2,3,"Testing, Inspection & Certification value chain > Periodic Technical & Safety Inspection > Pressure Equipment & Tank Systems (BetrSichV / ÜAnlG) > Filling stations & fuel/chemical tank systems"
"Testing, Inspection & Certification",Electrical Safety (Low Voltage) Testing,33.4,66.7,50.0,Act now,open,3,4,5,3,4,3,3,1,3,"Testing, Inspection & Certification value chain > Product Testing & Certification > Electrical Product Safety & EMC/EMV Testing > Electrical Safety (Low Voltage) Testing"
"Testing, Inspection & Certification",Vehicle Type-Approval & Homologation (Typgenehmigung / §21 StVZO Einzelabnahme),33.4,66.7,50.0,Act now,open,3,3,5,3,4,4,3,1,3,"Testing, Inspection & Certification value chain > Periodic Technical & Safety Inspection > Vehicle Type-Approval & Homologation (Typgenehmigung / §21 StVZO Einzelabnahme)"
Building & Facility Technical Services,Gas & special extinguishing systems,33.4,66.7,50.0,Act now,open,4,3,5,3,3,4,3,1,3,Building & Facility Technical Services value chain > Fire Protection Systems (Brandschutz) > Gas & special extinguishing systems
Food & Agriculture Services,Shelf-life & sensory testing,33.4,50.0,66.7,Watchlist,open,3,4,2,3,3,3,4,1,3,Food & Agriculture Services value chain > Food-Safety Testing & Laboratories > Shelf-life & sensory testing
Insurance Brokerage & Financial Services,"Unterstuetzungskassen, Pensionskassen & Rueckdeckung-Verwaltung",33.4,74.2,45.0,Too late,restricted,5,3,5,4,4,4,3,2,3,"Insurance Brokerage & Financial Services value chain > Employee Benefits & Occupational Pensions (bAV) > Unterstuetzungskassen, Pensionskassen & Rueckdeckung-Verwaltung"
Environmental Services,Containerdienst / skip & roll-off hire,33.1,56.7,58.3,Act now,open,3,5,3,5,3,3,3,3,4,Environmental Services value chain > Waste Collection & Disposal > Construction & Demolition Waste + Skip/Container Services (Containerdienst) > Containerdienst / skip & roll-off hire
Medical,Psychotherapy & Mental Health Practices,33.0,73.3,45.0,Too late,restricted,4,5,5,4,3,5,4,3,4,Medical value chain > Care Delivery & Providers > Psychotherapy & Mental Health Practices
Medical,Orthopaedic Shoe Technology (Orthopadieschuhtechnik),33.0,73.3,45.0,Too late,restricted,5,5,5,4,3,4,4,3,4,Medical value chain > Distribution & Medical Retail > Orthopaedic Technology & Shoe-Making (Orthopadietechnik / -schuhtechnik) > Orthopaedic Shoe Technology (Orthopadieschuhtechnik)
Food & Agriculture Services,Pathogen detection & hygiene-indicator counts,33.0,79.2,41.7,Too late,open,5,4,5,4,3,4,2,1,4,Food & Agriculture Services value chain > Food-Safety Testing & Laboratories > Microbiological food testing (routine self-monitoring) > Pathogen detection & hygiene-indicator counts
Managed IT & Cybersecurity Services,Managed Private & Hybrid Cloud Operations,33.0,79.2,41.7,Too late,open,5,4,4,5,3,4,2,1,4,"Managed IT & Cybersecurity Services value chain > Cloud, Hosting & Data-Center Services > Managed Private & Hybrid Cloud Operations"
Medical,Dental & orthopedic implant makers (Mittelstand),32.9,65.8,50.0,Act now,open,3,4,5,4,3,4,3,2,3,Medical value chain > Medical Devices & Equipment > Implants & Dental Prosthetics Manufacturing > Dental & orthopedic implant makers (Mittelstand)
Environmental Services,CCTV Inspection & Condition Assessment (Zustandserfassung),32.9,65.8,50.0,Act now,open,4,4,4,4,3,4,3,2,3,Environmental Services value chain > Water & Wastewater Services > Sewer Inspection & Rehabilitation (Kanalsanierung) > CCTV Inspection & Condition Assessment (Zustandserfassung)
Insurance Brokerage & Financial Services,Large-corporate / industrial brokers (Industriemakler),32.9,65.8,50.0,Act now,open,5,3,4,4,4,3,2,2,5,Insurance Brokerage & Financial Services value chain > Commercial & Industrial Insurance Brokerage > Large-corporate / industrial brokers (Industriemakler)
Environmental Services,Geotechnical & Environmental Drilling / Groundwater Monitoring Wells,32.8,49.2,66.7,Watchlist,open,3,4,4,3,2,3,4,2,3,Environmental Services value chain > Contaminated-Site Remediation & Geo-Environmental > Site Investigation & Environmental Assessment (Boden-/Altlastengutachten) > Geotechnical & Environmental Drilling / Groundwater Monitoring Wells
Food & Agriculture Services,Viticulture & Horticulture Services,32.8,49.2,66.7,Too small,open,3,5,3,2,3,3,4,2,3,"Food & Agriculture Services value chain > Agri-Inputs Distribution, Advisory & Land Management > Viticulture & Horticulture Services"
Medical,Stationary Nursing-Home ERP / Documentation,32.7,78.3,41.7,Too late,open,5,3,5,4,5,4,2,2,4,Medical value chain > Digital Health & Health IT > Care-Home & Nursing Documentation Software (Pflegesoftware) > Stationary Nursing-Home ERP / Documentation
Medical,Ambulant Care Software & Tour Planning,32.7,78.3,41.7,Too late,open,5,4,5,3,5,4,2,2,4,Medical value chain > Digital Health & Health IT > Care-Home & Nursing Documentation Software (Pflegesoftware) > Ambulant Care Software & Tour Planning
Environmental Services,Dismantling & de-pollution (Demontagebetriebe),32.5,43.3,75.0,Watchlist,open,3,5,5,3,2,2,4,4,4,Environmental Services value chain > Recycling & Materials Recovery > End-of-Life Vehicle Recycling (Altfahrzeug / ELV) > Dismantling & de-pollution (Demontagebetriebe)
Medical,Diabetes Supply Re-Supply (Diabetesbedarf / CGM),32.1,64.2,50.0,Act now,open,5,4,5,4,2,5,3,4,3,Medical value chain > Distribution & Medical Retail > Medical Supply Stores & Homecare (Sanitatshauser / Hilfsmittel) > Ambulatory Homecare Provisioning (wound / stoma / incontinence / enteral / respiratory) > Diabetes Supply Re-Supply (Diabetesbedarf / CGM)
Environmental Services,CSRD / ESRS reporting & double-materiality advisory,32.1,55.0,58.3,Act now,open,4,5,5,4,4,2,3,5,4,"Environmental Services value chain > Environmental Consulting, Monitoring & Compliance > ESG / CSRD Reporting & Carbon Accounting Advisory > CSRD / ESRS reporting & double-materiality advisory"
Medical,Site Management Organisations (SMO) & trial-site networks,31.9,70.8,45.0,Too late,restricted,3,4,5,3,4,4,4,1,3,Medical value chain > Pharmaceuticals & Biotech > Contract Research (CRO) & Clinical-Trial Support > Site Management Organisations (SMO) & trial-site networks
Medical,Temperature & cold-chain qualification / mapping (GxP),31.9,70.8,45.0,Too late,restricted,4,3,5,3,4,4,4,1,2,"Medical value chain > Medical Devices & Equipment > Medical Equipment Servicing, Inspection & Maintenance (Medizintechnik-Service) > Calibration & metrology of medical equipment (DAkkS/ISO 17025) > Temperature & cold-chain qualification / mapping (GxP)"
Building & Facility Technical Services,Residential & commercial installation / fit-out,31.9,70.8,45.0,Too late,restricted,2,5,4,5,3,4,3,1,4,Building & Facility Technical Services value chain > Electrical Services & Building Automation > Electrical Installation & Service (Elektrohandwerk) > Residential & commercial installation / fit-out
Building & Facility Technical Services,Industrial electrical & switchgear (Schaltanlagenbau),31.9,70.8,45.0,Too late,restricted,3,4,4,5,3,4,4,1,4,Building & Facility Technical Services value chain > Electrical Services & Building Automation > Electrical Installation & Service (Elektrohandwerk) > Industrial electrical & switchgear (Schaltanlagenbau)
Building & Facility Technical Services,Fassaden-/Glasreinigung & Höhenzugang (Seilzugangstechnik),31.9,70.8,45.0,Too late,restricted,4,5,5,3,3,3,4,1,3,Building & Facility Technical Services value chain > Technical FM & Building Envelope > Fassaden-/Glasreinigung & Höhenzugang (Seilzugangstechnik)
Building & Facility Technical Services,Commercial Refrigeration (Supermarket/Food Retail),31.9,70.8,45.0,Too late,restricted,5,4,4,3,3,4,3,1,3,"Building & Facility Technical Services value chain > HVAC, Ventilation & Cooling Service > Commercial & Industrial Refrigeration Service (Gewerbe-/Industriekälte) > Commercial Refrigeration (Supermarket/Food Retail)"
Building & Facility Technical Services,Gefährdungsanalyse & Hygienic Remediation,31.9,70.8,45.0,Too late,restricted,3,4,5,3,4,4,4,1,3,"Building & Facility Technical Services value chain > Plumbing, Sanitary & Water Hygiene (SHK) > Drinking-Water Hygiene & Legionella (TrinkwV) > Gefährdungsanalyse & Hygienic Remediation"
Environmental Services,EMAS environmental management & Umweltgutachter verification,31.9,70.8,45.0,Too small,restricted,5,4,5,2,4,3,4,1,3,"Environmental Services value chain > Environmental Consulting, Monitoring & Compliance > ESG / CSRD Reporting & Carbon Accounting Advisory > EMAS environmental management & Umweltgutachter verification"
Food & Agriculture Services,Halal & Kosher Certification,31.9,70.8,45.0,Too late,restricted,4,5,3,3,4,4,5,1,3,Food & Agriculture Services value chain > Food Certification & Auditing > Halal & Kosher Certification
Medical,International nurse recruitment & relocation,31.5,70.0,45.0,Too late,restricted,3,4,5,3,4,5,4,2,3,Medical value chain > Healthcare Services & Outsourcing > Healthcare Staffing / Zeitarbeit (Pflege & Aerzte) > International nurse recruitment & relocation
Building & Facility Technical Services,Platform / home lift maintenance & TÜV,31.5,70.0,45.0,Too late,restricted,4,4,5,3,3,5,4,2,3,Building & Facility Technical Services value chain > Lift & Escalator Service > Platform lifts & accessibility (Treppenlifte / Homelifts install & service) > Platform / home lift maintenance & TÜV
Environmental Services,"Weakly-bound asbestos & ASI works (Spritzasbest, TRGS 519 full Sachkunde)",31.5,70.0,45.0,Too late,restricted,4,4,5,4,3,4,4,2,3,"Environmental Services value chain > Hazardous-Materials & Pollutant Removal > Asbestos removal & abatement (Asbestsanierung, TRGS 519) > Weakly-bound asbestos & ASI works (Spritzasbest, TRGS 519 full Sachkunde)"
Food & Agriculture Services,QS-System & GLOBALG.A.P. Farm/Feed Audits,31.5,70.0,45.0,Too late,restricted,5,4,4,3,4,4,3,2,3,Food & Agriculture Services value chain > Food Certification & Auditing > QS-System & GLOBALG.A.P. Farm/Feed Audits
Insurance Brokerage & Financial Services,DACH-cross-border pool & broker-tech platforms (AT/CH),31.5,70.0,45.0,Too late,restricted,5,4,4,3,4,4,4,2,2,"Insurance Brokerage & Financial Services value chain > Broker Pools, Networks & Bestandsverwaltung > DACH-cross-border pool & broker-tech platforms (AT/CH)"
"Testing, Inspection & Certification","Temperature, pressure, humidity & flow calibration",31.3,75.0,41.7,Too late,open,4,4,4,4,4,4,2,1,4,"Testing, Inspection & Certification value chain > Calibration & Metrology > Accredited calibration laboratories (DAkkS/ISO 17025, fixed-lab) > Temperature, pressure, humidity & flow calibration"
Food & Agriculture Services,Retail-Manufacturer Standards (IFS Food / BRCGS),31.3,75.0,41.7,Too late,restricted,5,3,4,3,5,4,2,1,4,"Food & Agriculture Services value chain > Food Certification & Auditing > GFSI Food-Safety Scheme Certification (IFS Food, BRCGS, FSSC 22000) > Retail-Manufacturer Standards (IFS Food / BRCGS)"
Food & Agriculture Services,FSSC 22000 / ISO 22000 Management-System Certification,31.3,75.0,41.7,Too late,restricted,5,3,4,3,5,4,2,1,4,"Food & Agriculture Services value chain > Food Certification & Auditing > GFSI Food-Safety Scheme Certification (IFS Food, BRCGS, FSSC 22000) > FSSC 22000 / ISO 22000 Management-System Certification"
Managed IT & Cybersecurity Services,Managed & Web Hosting,31.3,75.0,41.7,Too late,open,5,5,3,5,3,3,2,1,4,"Managed IT & Cybersecurity Services value chain > Cloud, Hosting & Data-Center Services > Managed & Web Hosting"
"Testing, Inspection & Certification",Functional Safety (IEC 61508 / SIL) Assessment,31.2,62.5,50.0,Act now,open,3,3,4,3,4,4,3,1,3,"Testing, Inspection & Certification value chain > Product Testing & Certification > Machinery Safety & Functional Safety > Functional Safety (IEC 61508 / SIL) Assessment"
Medical,Hospital & Clinic Catering (Speisenversorgung),31.1,53.3,58.3,Watchlist,open,5,3,3,4,2,3,3,2,4,Medical value chain > Healthcare Services & Outsourcing > Hospital & Clinic Catering (Speisenversorgung)
"Testing, Inspection & Certification",Brandschutzkonzepte & Prüfsachverständige Brandschutz,31.1,53.3,58.3,Too small,open,2,4,5,2,4,3,3,2,4,"Testing, Inspection & Certification value chain > Fire & Occupational-Safety Inspection & Advisory > Fire-Safety Expert Inspection & Advisory (Brandschutz) > Brandschutzkonzepte & Prüfsachverständige Brandschutz"
Building & Facility Technical Services,EV Charging Install & O&M (Ladeinfrastruktur),31.1,69.2,45.0,Too late,restricted,4,4,4,5,3,5,3,3,3,Building & Facility Technical Services value chain > Electrical Services & Building Automation > EV Charging Install & O&M (Ladeinfrastruktur)
Insurance Brokerage & Financial Services,Digitale Cyber-MGAs / Underwriting-Agenturen (Assekuradeure),31.1,69.2,45.0,Too late,restricted,5,3,5,3,4,5,4,3,3,"Insurance Brokerage & Financial Services value chain > Specialty Lines Broking (cyber, D&O, credit, marine, transport) > Cyber-Risk Spezialmakler & digitale Cyber-Assekuradeure/MGAs > Digitale Cyber-MGAs / Underwriting-Agenturen (Assekuradeure)"
Medical,Hospital central AEMP outsourcing (off-site plants),30.9,61.7,50.0,Act now,open,5,2,5,3,3,4,3,2,3,Medical value chain > Healthcare Services & Outsourcing > Sterile Reprocessing & AEMP/ZSVA Outsourcing > Hospital central AEMP outsourcing (off-site plants)
Medical,Loan-set / consignment instrument reprocessing (Leihsiebe),30.9,61.7,50.0,Act now,open,4,3,5,3,3,4,3,2,3,Medical value chain > Healthcare Services & Outsourcing > Sterile Reprocessing & AEMP/ZSVA Outsourcing > Loan-set / consignment instrument reprocessing (Leihsiebe)
Medical,GP / General PVS (Primaersysteme),30.9,74.2,41.7,Too late,open,5,3,5,4,5,3,2,2,4,Medical value chain > Digital Health & Health IT > Ambulatory Practice Management Systems (PVS/AIS) > GP / General PVS (Primaersysteme)
Medical,Dental Practice Software (PVS Zahnarzt),30.9,74.2,41.7,Too late,open,5,3,5,3,5,4,2,2,4,Medical value chain > Digital Health & Health IT > Ambulatory Practice Management Systems (PVS/AIS) > Dental Practice Software (PVS Zahnarzt)
"Testing, Inspection & Certification",Fixed installations & machines (ortsfest),30.9,74.2,41.7,Too late,open,4,4,5,4,4,4,2,2,4,"Testing, Inspection & Certification value chain > Periodic Technical & Safety Inspection > Electrical Installation Inspection (DGUV V3 / E-Check) > Fixed installations & machines (ortsfest)"
Building & Facility Technical Services,Heat-Pump Service & Maintenance (overlaps Energy),30.9,74.2,41.7,Too late,restricted,4,5,3,5,3,5,2,2,4,"Building & Facility Technical Services value chain > HVAC, Ventilation & Cooling Service > Heat-Pump Service & Maintenance (overlaps Energy)"
Food & Agriculture Services,Farm Software & Herd Management (light),30.9,61.7,50.0,Act now,open,4,2,4,3,5,4,3,2,3,"Food & Agriculture Services value chain > Agri-Inputs Distribution, Advisory & Land Management > Farm Software & Herd Management (light)"
Medical,1:1 Individual Home Ventilation (Einzelversorgung),30.7,68.3,45.0,Too late,restricted,5,5,5,5,2,4,2,4,5,Medical value chain > Care Delivery & Providers > Outpatient / Mobile Nursing Services (Ambulante Pflegedienste) > Outpatient Intensive Care (Ausserklinische Intensivpflege) > 1:1 Individual Home Ventilation (Einzelversorgung)
Medical,Day Care (Tagespflege / Teilstationaer),30.7,68.3,45.0,Too late,restricted,4,5,5,5,3,4,3,4,4,Medical value chain > Care Delivery & Providers > Inpatient Long-Term Elderly Care (Stationaere Pflege / Pflegeheime) > Day Care (Tagespflege / Teilstationaer)
Medical,Dementia-Specialised Homes & Care-WGs (Demenzpflege),30.7,68.3,45.0,Too late,restricted,5,5,5,4,2,5,3,4,3,Medical value chain > Care Delivery & Providers > Inpatient Long-Term Elderly Care (Stationaere Pflege / Pflegeheime) > Dementia-Specialised Homes & Care-WGs (Demenzpflege)
Medical,Hearing-Aid Acoustics (Horakustik),30.6,73.3,41.7,Too late,restricted,4,4,5,5,4,4,2,3,4,Medical value chain > Distribution & Medical Retail > Hearing-Aid Acoustics (Horakustik)
Medical,Dental laboratories (Zahntechnik / Dentallabore),30.4,60.8,50.0,Act now,open,4,5,4,4,3,3,2,3,5,Medical value chain > Medical Devices & Equipment > Implants & Dental Prosthetics Manufacturing > Dental laboratories (Zahntechnik / Dentallabore)
Medical,IVD-Reagenzien & Verbrauchsmaterial-Distribution,30.4,60.8,50.0,Act now,open,5,3,4,4,3,4,3,3,3,"Medical value chain > Diagnostics & Laboratory > Laborlogistik, Probenkurier & IVD-Verbrauchsvertrieb > IVD-Reagenzien & Verbrauchsmaterial-Distribution"
Insurance Brokerage & Financial Services,Kfz-Flotten / Fuhrpark brokers (fleet & motor-fleet specialists),30.4,60.8,50.0,Act now,open,5,4,5,3,3,3,3,3,3,Insurance Brokerage & Financial Services value chain > Commercial & Industrial Insurance Brokerage > Kfz-Flotten / Fuhrpark brokers (fleet & motor-fleet specialists)
Medical,Infection-control & hygiene consulting (Hygienebeauftragte),29.6,65.8,45.0,Too small,restricted,3,4,5,2,5,4,5,2,3,"Medical value chain > Healthcare Services & Outsourcing > Hospital Facility, Hygiene & Technical Services > Infection-control & hygiene consulting (Hygienebeauftragte)"
Medical,Radiology constancy & expert testing (Konstanz-/Sachverständigenprüfung),29.6,65.8,45.0,Too late,restricted,5,3,5,3,4,3,3,2,3,"Medical value chain > Medical Devices & Equipment > Medical Equipment Servicing, Inspection & Maintenance (Medizintechnik-Service) > Statutory safety & metrology inspections (STK/MTK per MPBetreibV) > Radiology constancy & expert testing (Konstanz-/Sachverständigenprüfung)"
Medical,Oral Surgery / Implantology Groups (Oralchirurgie / Implantologie),29.6,65.8,45.0,Too late,restricted,3,4,4,4,4,4,3,2,3,"Medical value chain > Care Delivery & Providers > Outpatient Physician Roll-ups via MVZ > Dental Chains (Z-MVZ / DSO, Zahnarztketten) > Oral Surgery / Implantology Groups (Oralchirurgie / Implantologie)"
Environmental Services,Stack / plant emission testing (air pollutants),29.6,65.8,45.0,Too late,restricted,5,4,5,3,3,3,3,2,4,"Environmental Services value chain > Environmental Consulting, Monitoring & Compliance > Emissions & Immissions Measurement (accredited Messstellen) > Stack / plant emission testing (air pollutants)"
Environmental Services,Carbon footprint (CCF/PCF) & climate-strategy consulting,29.6,50.8,58.3,Watchlist,open,4,5,4,3,4,3,3,5,4,"Environmental Services value chain > Environmental Consulting, Monitoring & Compliance > ESG / CSRD Reporting & Carbon Accounting Advisory > Carbon footprint (CCF/PCF) & climate-strategy consulting"
Insurance Brokerage & Financial Services,Drone / UAV & Niche Aviation MGAs,29.6,65.8,45.0,Too small,restricted,4,4,5,2,4,4,5,2,3,Insurance Brokerage & Financial Services value chain > Specialty & Niche Underwriting Agencies (Assekuradeure / MGA) > Drone / UAV & Niche Aviation MGAs
Medical,ISO 13485 QMS Certification & Auditing,29.5,70.8,41.7,Too late,restricted,4,2,5,3,5,4,2,1,4,Medical value chain > Payers & Regulatory Ecosystem > Medical Device Certification & Auditing Bodies (Benannte Stellen / Notified Bodies) > ISO 13485 QMS Certification & Auditing
Food & Agriculture Services,Chilled / fresh multi-temp storage & regional distribution hubs,29.5,70.8,41.7,Too late,open,4,4,5,4,2,4,2,1,4,Food & Agriculture Services value chain > Cold-Chain & Food Logistics > Temperature-controlled warehousing (Kühlhaus / TK-Lager) > Chilled / fresh multi-temp storage & regional distribution hubs
Food & Agriculture Services,Pesticide residue analysis,29.5,70.8,41.7,Too late,open,4,3,5,3,4,4,2,1,4,Food & Agriculture Services value chain > Food-Safety Testing & Laboratories > Chemical residues & contaminants > Pesticide residue analysis
Insurance Brokerage & Financial Services,Maklerverwaltungsprogramme (MVP) - broker back-office software,29.5,70.8,41.7,Too late,open,5,3,4,3,5,3,2,1,4,"Insurance Brokerage & Financial Services value chain > Broker Pools, Networks & Bestandsverwaltung > Maklerverwaltungsprogramme (MVP) - broker back-office software"
Building & Facility Technical Services,Heat-Pump Install & Statutory Operational Check,29.2,65.0,45.0,Too late,restricted,3,5,4,5,3,4,3,3,4,"Building & Facility Technical Services value chain > Plumbing, Sanitary & Water Hygiene (SHK) > Heating Installation & Service (incl. Wärmepumpe) > Heat-Pump Install & Statutory Operational Check"
Insurance Brokerage & Financial Services,Haftungsdach / tied-agent networks (§2(10) KWG / §3 WpIG),29.2,65.0,45.0,Too late,restricted,5,3,5,3,4,4,3,3,3,Insurance Brokerage & Financial Services value chain > Financial & Investment Advisory Distribution > Haftungsdach / tied-agent networks (§2(10) KWG / §3 WpIG)
Building & Facility Technical Services,Building Water-Leak Monitoring & Water Management,29.1,50.0,58.3,Watchlist,open,3,3,2,3,3,4,4,1,2,"Building & Facility Technical Services value chain > Plumbing, Sanitary & Water Hygiene (SHK) > Building Water-Leak Monitoring & Water Management"
Food & Agriculture Services,Bird & Pigeon Control (Vogel-/Taubenabwehr),29.1,58.3,50.0,Act now,open,3,5,3,3,3,3,3,1,3,Food & Agriculture Services value chain > Pest Control & Food-Industry Hygiene > Bird & Pigeon Control (Vogel-/Taubenabwehr)
Medical,Sanitaetshaus / Hilfsmittel provision & servicing,28.9,64.2,45.0,Too late,restricted,4,5,4,5,3,4,3,4,4,"Medical value chain > Medical Devices & Equipment > Homecare Device Provision, Rental & Servicing > Sanitaetshaus / Hilfsmittel provision & servicing"
Medical,Teleradiologie,28.9,64.2,45.0,Too late,restricted,4,4,5,3,4,5,3,4,3,Medical value chain > Diagnostics & Laboratory > Radiologie & Bildgebung (Imaging Centres) > Teleradiologie
Medical,Orthopaedics MVZ,28.9,64.2,45.0,Too late,restricted,4,5,4,5,3,4,3,4,4,Medical value chain > Care Delivery & Providers > Outpatient Physician Roll-ups via MVZ > Orthopaedics MVZ
Medical,Ambulatory Surgery Centres (Ambulantes Operieren / Praxiskliniken),28.9,64.2,45.0,Too late,restricted,3,5,5,4,3,5,4,4,4,Medical value chain > Care Delivery & Providers > Ambulatory Surgery Centres (Ambulantes Operieren / Praxiskliniken)
Medical,"Rehatechnik Equipment & Rental (Rollstuehle, Pflegebetten, Wiedereinsatz)",28.9,64.2,45.0,Too late,restricted,4,5,4,5,3,4,4,4,4,"Medical value chain > Distribution & Medical Retail > Medical Supply Stores & Homecare (Sanitatshauser / Hilfsmittel) > Sanitatshaus Retail & Custom Aids > Rehatechnik Equipment & Rental (Rollstuehle, Pflegebetten, Wiedereinsatz)"
Medical,Lower-Limb Prosthetics (Beinprothetik),28.9,64.2,45.0,Too late,restricted,4,5,5,5,3,3,3,4,3,Medical value chain > Distribution & Medical Retail > Orthopaedic Technology & Shoe-Making (Orthopadietechnik / -schuhtechnik) > Orthopaedic Technology (Prostheses & Orthoses) > Lower-Limb Prosthetics (Beinprothetik)
Medical,Dementia & Everyday-Support Services (Betreuungsdienste / §45a),28.9,64.2,45.0,Too late,restricted,4,5,4,4,3,5,5,4,3,Medical value chain > Care Delivery & Providers > Outpatient / Mobile Nursing Services (Ambulante Pflegedienste) > Dementia & Everyday-Support Services (Betreuungsdienste / §45a)
Medical,Physiotherapy Practices (Physiotherapie / Krankengymnastik),28.9,69.2,41.7,Too late,open,4,5,5,5,2,4,2,3,4,"Medical value chain > Care Delivery & Providers > Non-Physician Outpatient Therapy (Heilmittelerbringer: Physio, Ergo, Logo) > Physiotherapy Practices (Physiotherapie / Krankengymnastik)"
Medical,Dental Platform DSO Roll-ups (Z-MVZ Ketten),28.9,69.2,41.7,Too late,restricted,4,4,4,5,4,4,2,3,4,"Medical value chain > Care Delivery & Providers > Outpatient Physician Roll-ups via MVZ > Dental Chains (Z-MVZ / DSO, Zahnarztketten) > Dental Platform DSO Roll-ups (Z-MVZ Ketten)"
Medical,Gastroenterology / Endoscopy MVZ (Gastroenterologie / Endoskopie),28.9,64.2,45.0,Too late,restricted,4,5,4,4,4,4,3,4,3,Medical value chain > Care Delivery & Providers > Outpatient Physician Roll-ups via MVZ > Gastroenterology / Endoscopy MVZ (Gastroenterologie / Endoskopie)
"Testing, Inspection & Certification",Passenger car & motorcycle HU/AU,28.9,69.2,41.7,Too late,restricted,5,3,5,5,4,3,2,3,4,"Testing, Inspection & Certification value chain > Periodic Technical & Safety Inspection > Statutory Vehicle Inspection (HU/AU §29 StVZO) > Passenger car & motorcycle HU/AU"
Managed IT & Cybersecurity Services,"SAP / ERP Hosting & Managed Cloud Operations (S/4HANA private cloud, RISE)",28.9,69.2,41.7,Too late,open,5,3,5,5,3,4,2,3,4,"Managed IT & Cybersecurity Services value chain > ERP & Business-Software Management > SAP / ERP Hosting & Managed Cloud Operations (S/4HANA private cloud, RISE)"
Medical,Small-molecule API & solid-dose CMO,28.8,57.5,50.0,Act now,open,3,3,5,4,2,4,3,2,3,Medical value chain > Pharmaceuticals & Biotech > Contract Development & Manufacturing (CDMO/CMO) > Small-molecule API & solid-dose CMO
Medical,Physician locum / Honorararzt-Vermittlung,28.8,57.5,50.0,Act now,open,3,5,3,3,4,3,3,2,3,Medical value chain > Healthcare Services & Outsourcing > Healthcare Staffing / Zeitarbeit (Pflege & Aerzte) > Physician locum / Honorararzt-Vermittlung
Environmental Services,Industrial decontamination & plant dismantling (Industrierückbau/Dekontamination),28.8,57.5,50.0,Act now,open,3,3,5,4,2,4,3,2,3,Environmental Services value chain > Hazardous-Materials & Pollutant Removal > Industrial decontamination & plant dismantling (Industrierückbau/Dekontamination)
Food & Agriculture Services,Filling & packaging-line service,28.8,57.5,50.0,Act now,open,4,3,3,3,4,4,3,2,3,Food & Agriculture Services value chain > Food-Processing Equipment Service & Hygiene > Filling & packaging-line service
Food & Agriculture Services,Substrate & Digestate Logistics,28.7,38.3,75.0,Watchlist,open,4,5,4,3,2,2,4,5,4,Food & Agriculture Services value chain > Agricultural Contracting & Farm Services > Biogas Plant Operation & Service > Substrate & Digestate Logistics
Medical,Radiology & Nuclear Medicine MVZ,28.5,68.3,41.7,Too late,restricted,5,4,5,5,3,4,2,4,4,Medical value chain > Care Delivery & Providers > Outpatient Physician Roll-ups via MVZ > Radiology & Nuclear Medicine MVZ
Medical,Chronic Wound Care Re-Supply (moderne Wundversorgung),28.5,68.3,41.7,Too late,open,5,3,5,5,3,5,2,4,4,Medical value chain > Distribution & Medical Retail > Medical Supply Stores & Homecare (Sanitatshauser / Hilfsmittel) > Ambulatory Homecare Provisioning (wound / stoma / incontinence / enteral / respiratory) > Chronic Wound Care Re-Supply (moderne Wundversorgung)
Medical,Probentransport- & Kuriernetze,28.4,56.7,50.0,Act now,open,5,5,4,3,2,3,3,3,3,"Medical value chain > Diagnostics & Laboratory > Laborlogistik, Probenkurier & IVD-Verbrauchsvertrieb > Probentransport- & Kuriernetze"
Building & Facility Technical Services,KNX / room & lighting automation,28.1,62.5,45.0,Too late,restricted,3,5,2,3,4,4,4,1,3,Building & Facility Technical Services value chain > Electrical Services & Building Automation > Building Automation & GLT/BMS Integration (KNX/DDC/MSR) > KNX / room & lighting automation
Building & Facility Technical Services,Industrie- & Sonderreinigung,28.1,62.5,45.0,Too late,restricted,4,4,4,4,2,3,3,1,4,Building & Facility Technical Services value chain > Technical FM & Building Envelope > Gebäudereinigung (Industrie- & Gebäudereinigung) > Industrie- & Sonderreinigung
Building & Facility Technical Services,Mechatronic locking systems (mechatronische Schließanlagen),28.1,62.5,45.0,Too late,restricted,4,4,3,3,3,4,4,1,3,Building & Facility Technical Services value chain > Security & Access Systems > Access control & electronic locking (Zutrittskontrolle) > Mechatronic locking systems (mechatronische Schließanlagen)
Managed IT & Cybersecurity Services,Healthcare-Compliant Hosting (KHZG/DigiG),27.9,55.8,50.0,Act now,open,5,4,5,3,3,3,3,4,3,"Managed IT & Cybersecurity Services value chain > Cloud, Hosting & Data-Center Services > Sector-Specific Compliant Hosting (Healthcare & Public Sector) > Healthcare-Compliant Hosting (KHZG/DigiG)"
Medical,Infectious & hazardous clinical waste (AVV 18 01 03*/06*/08*),27.8,61.7,45.0,Too late,restricted,5,3,5,3,3,3,3,2,3,Medical value chain > Healthcare Services & Outsourcing > Medical & Hazardous Waste Disposal (Entsorgung) > Infectious & hazardous clinical waste (AVV 18 01 03*/06*/08*)
Medical,Clinical cleaning & surface disinfection,27.8,61.7,45.0,Too late,restricted,5,4,4,4,2,3,3,2,3,"Medical value chain > Healthcare Services & Outsourcing > Hospital Facility, Hygiene & Technical Services > Clinical cleaning & surface disinfection"
"Testing, Inspection & Certification",TISAX Automotive Information-Security Assessment,27.8,66.7,41.7,Too late,open,4,2,5,3,4,4,2,1,4,"Testing, Inspection & Certification value chain > Management-System & Process Certification > Information-Security & Data Certification (ISO 27001 / TISAX / BSI) > TISAX Automotive Information-Security Assessment"
Building & Facility Technical Services,Infrastrukturelles FM (Soft-Services-Bundle),27.8,66.7,41.7,Too late,open,5,4,3,5,2,3,2,1,4,Building & Facility Technical Services value chain > Technical FM & Building Envelope > Infrastrukturelles FM (Soft-Services-Bundle)
Food & Agriculture Services,Regional / cooperative Zustellgroßhandel & specialist Frischedienst,27.8,66.7,41.7,Too late,restricted,5,4,4,4,2,3,2,1,4,Food & Agriculture Services value chain > Cold-Chain & Food Logistics > Foodservice / catering delivery wholesale (Zustellgroßhandel) > Regional / cooperative Zustellgroßhandel & specialist Frischedienst
Insurance Brokerage & Financial Services,Agriculture / Agrar specialist brokers,27.8,61.7,45.0,Too late,restricted,5,4,3,3,4,3,4,2,3,Insurance Brokerage & Financial Services value chain > Commercial & Industrial Insurance Brokerage > Agriculture / Agrar specialist brokers
Insurance Brokerage & Financial Services,Honorar-Finanzanlagenberatung / fee-based advice (§34h GewO),27.8,61.7,45.0,Too small,restricted,4,4,5,2,3,4,4,2,3,Insurance Brokerage & Financial Services value chain > Financial & Investment Advisory Distribution > Honorar-Finanzanlagenberatung / fee-based advice (§34h GewO)
Medical,Nursing temp staffing / Pflege-Zeitarbeit,27.7,47.5,58.3,Watchlist,open,4,5,4,4,2,2,3,4,4,Medical value chain > Healthcare Services & Outsourcing > Healthcare Staffing / Zeitarbeit (Pflege & Aerzte) > Nursing temp staffing / Pflege-Zeitarbeit
Medical,Continence / Incontinence Re-Supply (aufsaugend & ableitend),27.5,55.0,50.0,Act now,open,5,4,5,4,2,4,3,5,3,Medical value chain > Distribution & Medical Retail > Medical Supply Stores & Homecare (Sanitatshauser / Hilfsmittel) > Ambulatory Homecare Provisioning (wound / stoma / incontinence / enteral / respiratory) > Continence / Incontinence Re-Supply (aufsaugend & ableitend)
Medical,Pharmacy Software (Apothekensoftware / Warenwirtschaft),27.4,65.8,41.7,Too late,restricted,5,2,5,3,5,3,2,2,4,Medical value chain > Digital Health & Health IT > Pharmacy Software (Apothekensoftware / Warenwirtschaft)
Medical,Ambulatory & practice instrument reprocessing,27.4,60.8,45.0,Too late,restricted,4,4,5,3,3,4,4,3,3,Medical value chain > Healthcare Services & Outsourcing > Sterile Reprocessing & AEMP/ZSVA Outsourcing > Ambulatory & practice instrument reprocessing
Medical,Zahnärztliche Abrechnung & Factoring,27.4,65.8,41.7,Too late,restricted,5,3,4,3,5,3,2,2,4,Medical value chain > Payers & Regulatory Ecosystem > Private Medical & Dental Billing / Factoring Intermediaries (Verrechnungsstellen) > Zahnärztliche Abrechnung & Factoring
"Testing, Inspection & Certification",Elevator & Escalator Inspection (BetrSichV / ZÜS),27.4,65.8,41.7,Too late,restricted,5,2,5,3,5,3,2,2,4,"Testing, Inspection & Certification value chain > Periodic Technical & Safety Inspection > Elevator & Escalator Inspection (BetrSichV / ZÜS)"
Environmental Services,Sonderabfall collection & ADR transport,27.4,60.8,45.0,Too late,restricted,4,4,5,4,3,3,3,3,4,Environmental Services value chain > Waste Collection & Disposal > Hazardous Waste (Sonderabfall) Collection & Disposal > Sonderabfall collection & ADR transport
Environmental Services,Bulky & Electronic Waste Take-Back (WEEE / Sperrmuell),27.4,60.8,45.0,Too late,restricted,4,4,5,3,3,4,3,3,3,Environmental Services value chain > Waste Collection & Disposal > Bulky & Electronic Waste Take-Back (WEEE / Sperrmuell)
Food & Agriculture Services,Animal-Welfare & Sustainability Label Auditing,27.4,60.8,45.0,Too small,restricted,5,3,4,2,4,5,3,3,3,Food & Agriculture Services value chain > Food Certification & Auditing > Animal-Welfare & Sustainability Label Auditing
Insurance Brokerage & Financial Services,Haftungsdach / liability umbrella for tied 34f agents,27.4,60.8,45.0,Too late,restricted,5,3,5,3,4,3,3,3,3,"Insurance Brokerage & Financial Services value chain > Broker Pools, Networks & Bestandsverwaltung > Vollsortiment-Maklerpools (commission aggregation & override courtage) > Haftungsdach / liability umbrella for tied 34f agents"
Food & Agriculture Services,Subsidy-Application & Agricultural Surveying Services (GAP / Agrarantrag),27.2,46.7,58.3,Too small,open,5,4,5,2,3,3,3,5,4,"Food & Agriculture Services value chain > Agri-Inputs Distribution, Advisory & Land Management > Subsidy-Application & Agricultural Surveying Services (GAP / Agrarantrag)"
Medical,Dermatology (Hautarzt) MVZ,27.1,65.0,41.7,Too late,restricted,4,4,4,4,4,4,2,3,4,Medical value chain > Care Delivery & Providers > Outpatient Physician Roll-ups via MVZ > Dermatology (Hautarzt) MVZ
Medical,Sonstige Heilberufe Abrechnung (Pflege / Physio / Heilmittel / Sanitätshäuser),27.1,65.0,41.7,Too late,open,5,3,4,4,4,4,2,3,4,Medical value chain > Payers & Regulatory Ecosystem > Private Medical & Dental Billing / Factoring Intermediaries (Verrechnungsstellen) > Sonstige Heilberufe Abrechnung (Pflege / Physio / Heilmittel / Sanitätshäuser)
"Testing, Inspection & Certification",Real-Estate Technical Due Diligence (TDD),27.1,54.2,50.0,Watchlist,open,3,3,3,3,4,3,3,1,3,"Testing, Inspection & Certification value chain > Construction, Structural & Real-Estate Inspection > Real-Estate Technical Due Diligence (TDD)"
Medical,Sterile Compounding Pharmacies (Zytostatika / Parenterals),27.0,60.0,45.0,Too late,restricted,4,4,5,4,3,4,3,4,4,Medical value chain > Pharmaceuticals & Biotech > Sterile Compounding Pharmacies (Zytostatika / Parenterals)
Medical,Molekularpathologie / Companion Diagnostics,27.0,60.0,45.0,Too late,restricted,4,3,5,3,4,5,3,4,3,Medical value chain > Diagnostics & Laboratory > Pathologie & Histologie > Molekularpathologie / Companion Diagnostics
Medical,Specialised Palliative Home Care (SAPV),27.0,60.0,45.0,Too late,restricted,4,4,5,3,4,4,3,4,3,Medical value chain > Care Delivery & Providers > Outpatient / Mobile Nursing Services (Ambulante Pflegedienste) > Specialised Palliative Home Care (SAPV)
Medical,Paediatric Intensive Home Care (Kinderintensivpflege),27.0,60.0,45.0,Too late,restricted,5,4,5,4,2,4,3,4,4,Medical value chain > Care Delivery & Providers > Outpatient / Mobile Nursing Services (Ambulante Pflegedienste) > Outpatient Intensive Care (Ausserklinische Intensivpflege) > Paediatric Intensive Home Care (Kinderintensivpflege)
Medical,Urology / Cardiology MVZ (Urologie / Kardiologie),27.0,60.0,45.0,Too late,restricted,4,5,4,4,3,4,3,4,4,Medical value chain > Care Delivery & Providers > Outpatient Physician Roll-ups via MVZ > Urology / Cardiology MVZ (Urologie / Kardiologie)
Medical,"Speziallabor / Esoterik-Diagnostik (Endokrinologie, Allergologie, Autoimmun)",26.8,64.2,41.7,Too late,restricted,4,4,5,4,4,4,2,4,4,"Medical value chain > Diagnostics & Laboratory > Fachaerztliche Labormedizin & Laborgemeinschaften > Speziallabor / Esoterik-Diagnostik (Endokrinologie, Allergologie, Autoimmun)"
Medical,Ambulante Radiologie-MVZ & Praxen,26.8,64.2,41.7,Too late,restricted,4,3,5,5,4,4,2,4,4,Medical value chain > Diagnostics & Laboratory > Radiologie & Bildgebung (Imaging Centres) > Ambulante Radiologie-MVZ & Praxen
Medical,Orthotics & Bracing (Orthetik / Orthesen),26.8,64.2,41.7,Too late,open,4,5,5,4,3,4,2,4,4,Medical value chain > Distribution & Medical Retail > Orthopaedic Technology & Shoe-Making (Orthopadietechnik / -schuhtechnik) > Orthopaedic Technology (Prostheses & Orthoses) > Orthotics & Bracing (Orthetik / Orthesen)
Medical,Full Inpatient Nursing Homes (Vollstationaere Dauerpflege),26.8,64.2,41.7,Too late,open,5,4,5,5,2,4,2,4,4,Medical value chain > Care Delivery & Providers > Inpatient Long-Term Elderly Care (Stationaere Pflege / Pflegeheime) > Full Inpatient Nursing Homes (Vollstationaere Dauerpflege)
Environmental Services,Trenchless Relining & Repair (grabenlose Sanierung),26.6,53.3,50.0,Watchlist,open,2,4,4,4,2,4,3,2,3,Environmental Services value chain > Water & Wastewater Services > Sewer Inspection & Rehabilitation (Kanalsanierung) > Trenchless Relining & Repair (grabenlose Sanierung)
Environmental Services,C&D waste sorting & Bauschutt recycling,26.2,52.5,50.0,Watchlist,open,3,4,5,4,2,3,3,3,3,Environmental Services value chain > Waste Collection & Disposal > Construction & Demolition Waste + Skip/Container Services (Containerdienst) > C&D waste sorting & Bauschutt recycling
Medical,Veterinaerdiagnostik,26.1,62.5,41.7,Too late,open,4,2,3,3,4,5,2,1,4,Medical value chain > Diagnostics & Laboratory > Veterinaerdiagnostik
"Testing, Inspection & Certification",Torque & force calibration,26.1,62.5,41.7,Too late,open,4,3,4,3,4,3,2,1,4,"Testing, Inspection & Certification value chain > Calibration & Metrology > Accredited calibration laboratories (DAkkS/ISO 17025, fixed-lab) > Torque & force calibration"
"Testing, Inspection & Certification",Machinery Directive Type-Examination (Annex IV),26.1,62.5,41.7,Too late,open,3,3,5,3,4,3,2,1,4,"Testing, Inspection & Certification value chain > Product Testing & Certification > Machinery Safety & Functional Safety > Machinery Directive Type-Examination (Annex IV)"
Medical,Dialysis machine service (Dialysegeräte),25.9,57.5,45.0,Too small,restricted,5,2,4,2,4,4,3,2,3,"Medical value chain > Medical Devices & Equipment > Medical Equipment Servicing, Inspection & Maintenance (Medizintechnik-Service) > Dialysis machine service (Dialysegeräte)"
"Testing, Inspection & Certification",Utility-meter verification – state-recognised test bodies (staatlich anerkannte Prüfstellen),25.9,57.5,45.0,Too small,restricted,5,3,5,2,3,3,4,2,3,"Testing, Inspection & Certification value chain > Calibration & Metrology > Utility-meter verification – state-recognised test bodies (staatlich anerkannte Prüfstellen)"
Building & Facility Technical Services,Barrier-Free / Age-Appropriate Bath (altersgerecht),25.9,57.5,45.0,Too late,restricted,2,5,3,4,2,5,4,2,3,"Building & Facility Technical Services value chain > Plumbing, Sanitary & Water Hygiene (SHK) > Sanitary Installation & Bathroom Modernisation > Barrier-Free / Age-Appropriate Bath (altersgerecht)"
Medical,Optics & Optometry (Augenoptik),25.7,61.7,41.7,Too late,open,3,4,4,5,3,3,2,2,4,Medical value chain > Distribution & Medical Retail > Optics & Optometry (Augenoptik)
Medical,Healthcare flat-linen & rental-textile service (Mietwäsche),25.7,61.7,41.7,Too late,open,5,3,5,4,2,3,2,2,4,Medical value chain > Healthcare Services & Outsourcing > Hospital & Medical Textile / Laundry Services (Textilservice) > Healthcare flat-linen & rental-textile service (Mietwäsche)
"Testing, Inspection & Certification",Sector-Specific QMS Certification (IATF 16949 / EN 9100),25.7,61.7,41.7,Too late,open,5,2,5,3,4,3,2,2,4,"Testing, Inspection & Certification value chain > Management-System & Process Certification > Sector-Specific QMS Certification (IATF 16949 / EN 9100)"
Insurance Brokerage & Financial Services,Transport & Marine Underwriting Agencies (Transport-Assekuradeure),25.7,61.7,41.7,Too late,open,4,4,4,3,4,3,2,2,4,Insurance Brokerage & Financial Services value chain > Specialty & Niche Underwriting Agencies (Assekuradeure / MGA) > Transport & Marine Underwriting Agencies (Transport-Assekuradeure)
Medical,Medical Footwear Inserts & Insoles (Einlagen / Schuhzurichtung),25.5,56.7,45.0,Too late,restricted,4,5,4,3,3,3,5,3,4,Medical value chain > Distribution & Medical Retail > Medical Supply Stores & Homecare (Sanitatshauser / Hilfsmittel) > Sanitatshaus Retail & Custom Aids > Medical Footwear Inserts & Insoles (Einlagen / Schuhzurichtung)
Medical,Myoelectric / High-Tech Prosthetics (Bionik / Myoelektrik),25.5,56.7,45.0,Too small,restricted,4,3,5,2,4,4,3,3,3,Medical value chain > Distribution & Medical Retail > Orthopaedic Technology & Shoe-Making (Orthopadietechnik / -schuhtechnik) > Orthopaedic Technology (Prostheses & Orthoses) > Myoelectric / High-Tech Prosthetics (Bionik / Myoelektrik)
Medical,Dental-Lab-Integrated Groups (Dentallabor-integriert),25.5,56.7,45.0,Too late,restricted,4,5,3,4,3,3,3,3,3,"Medical value chain > Care Delivery & Providers > Outpatient Physician Roll-ups via MVZ > Dental Chains (Z-MVZ / DSO, Zahnarztketten) > Dental-Lab-Integrated Groups (Dentallabor-integriert)"
Medical,Cataract / Refractive Surgery Groups (Katarakt / Refraktive Chirurgie),25.5,56.7,45.0,Too late,restricted,3,3,4,4,4,4,2,3,5,Medical value chain > Care Delivery & Providers > Outpatient Physician Roll-ups via MVZ > Ophthalmology (Augenheilkunde) MVZ > Cataract / Refractive Surgery Groups (Katarakt / Refraktive Chirurgie)
Environmental Services,Faunistic/floristic mapping & species-protection assessment (saP),25.5,56.7,45.0,Too late,restricted,3,5,5,3,3,3,5,3,3,"Environmental Services value chain > Environmental Consulting, Monitoring & Compliance > Ecological Surveying & Environmental Construction Supervision (Umweltbaubegleitung) > Faunistic/floristic mapping & species-protection assessment (saP)"
Environmental Services,"Sludge Dewatering, Drying & Mono-Incineration",25.5,56.7,45.0,Too late,restricted,5,2,5,3,2,5,3,3,4,"Environmental Services value chain > Water & Wastewater Services > Sludge (Klärschlamm) Treatment & Phosphorus Recovery > Sludge Dewatering, Drying & Mono-Incineration"
Food & Agriculture Services,Farm business & agronomic advisory (private Beratung),25.5,56.7,45.0,Too late,restricted,3,5,4,3,4,3,4,3,3,"Food & Agriculture Services value chain > Agri-Inputs Distribution, Advisory & Land Management > Agricultural Advisory & Farm Bookkeeping/Tax (landwirtschaftliche Buchstelle) > Farm business & agronomic advisory (private Beratung)"
Medical,Orthodontics Chains (KFO / Kieferorthopaedie),25.4,60.8,41.7,Too late,restricted,4,4,4,4,4,3,2,3,4,"Medical value chain > Care Delivery & Providers > Outpatient Physician Roll-ups via MVZ > Dental Chains (Z-MVZ / DSO, Zahnarztketten) > Orthodontics Chains (KFO / Kieferorthopaedie)"
Medical,Ambulante Histo-/Zytopathologie (MVZ & Facharztpraxen),25.1,55.8,45.0,Too late,restricted,4,4,4,4,4,3,3,4,4,Medical value chain > Diagnostics & Laboratory > Pathologie & Histologie > Ambulante Histo-/Zytopathologie (MVZ & Facharztpraxen)
Medical,Molekulare Infektionsdiagnostik (PCR / NGS),25.1,55.8,45.0,Too late,restricted,4,3,5,3,4,4,3,4,3,Medical value chain > Diagnostics & Laboratory > Molekulare & Genetische Diagnostik > Molekulare Infektionsdiagnostik (PCR / NGS)
Medical,Dermatopathology Labs,25.1,55.8,45.0,Too late,restricted,4,4,4,3,4,4,3,4,3,Medical value chain > Diagnostics & Laboratory > Pathologie & Histologie > Dermatopathology Labs
"Testing, Inspection & Certification",Chimney Sweeping - statutory (Schornsteinfeger),25.1,55.8,45.0,Too late,restricted,5,5,5,3,3,2,5,4,4,"Testing, Inspection & Certification value chain > Construction, Structural & Real-Estate Inspection > Chimney Sweeping - statutory (Schornsteinfeger)"
Medical,Respiratory homecare (oxygen therapy & home ventilation),25.0,60.0,41.7,Too late,restricted,5,3,4,4,3,5,2,4,4,"Medical value chain > Medical Devices & Equipment > Homecare Device Provision, Rental & Servicing > Respiratory homecare (oxygen therapy & home ventilation)"
Medical,"Rehabilitation Clinics (Reha-Kliniken, stationaer & ambulant)",25.0,60.0,41.7,Too late,restricted,4,4,5,5,2,4,2,4,4,"Medical value chain > Care Delivery & Providers > Rehabilitation Clinics (Reha-Kliniken, stationaer & ambulant)"
Medical,Stoma Care Re-Supply (Stomaversorgung),25.0,60.0,41.7,Too late,restricted,5,2,5,4,4,4,2,4,4,Medical value chain > Distribution & Medical Retail > Medical Supply Stores & Homecare (Sanitatshauser / Hilfsmittel) > Ambulatory Homecare Provisioning (wound / stoma / incontinence / enteral / respiratory) > Stoma Care Re-Supply (Stomaversorgung)
Medical,IVOM / Injection Clinics (Intravitreale Operative Medikamenteneingabe),25.0,60.0,41.7,Too late,restricted,5,3,4,4,3,5,2,4,4,Medical value chain > Care Delivery & Providers > Outpatient Physician Roll-ups via MVZ > Ophthalmology (Augenheilkunde) MVZ > IVOM / Injection Clinics (Intravitreale Operative Medikamenteneingabe)
Food & Agriculture Services,Digital / Connected Smart Pest Monitoring (IoT-Fallen),25.0,75.0,33.3,Too late,restricted,5,3,4,3,4,5,2,1,3,Food & Agriculture Services value chain > Pest Control & Food-Industry Hygiene > Commercial & Food-Industry Pest Control (Schädlingsbekämpfung / HACCP-Monitoring) > Digital / Connected Smart Pest Monitoring (IoT-Fallen)
Food & Agriculture Services,"Authenticity / origin / species (DNA, isotope, NMR)",25.0,50.0,50.0,Too small,open,2,3,3,2,4,4,3,1,3,"Food & Agriculture Services value chain > Food-Safety Testing & Laboratories > Allergen & authenticity / food-fraud testing > Authenticity / origin / species (DNA, isotope, NMR)"
Managed IT & Cybersecurity Services,Managed Backup / BaaS / DRaaS & Cyber-Recovery,25.0,75.0,33.3,Too late,open,5,4,4,4,3,4,2,1,3,Managed IT & Cybersecurity Services value chain > Managed IT Services & IT-Systemhäuser > Managed Backup / BaaS / DRaaS & Cyber-Recovery
Medical,Surgical / OR textile & sterile-drape rental,24.6,49.2,50.0,Too small,open,5,2,5,2,2,3,3,2,3,Medical value chain > Healthcare Services & Outsourcing > Hospital & Medical Textile / Laundry Services (Textilservice) > Surgical / OR textile & sterile-drape rental
Environmental Services,Mobile Sanitation & Portable Toilet Service (mobile Sanitaerloesungen / Toi Toi & Dixi),24.6,49.2,50.0,Watchlist,open,4,4,2,4,2,3,3,2,3,Environmental Services value chain > Water & Wastewater Services > Mobile Sanitation & Portable Toilet Service (mobile Sanitaerloesungen / Toi Toi & Dixi)
Medical,eRezept / ePA infrastructure & TI value-added services,24.4,73.3,33.3,Too late,restricted,5,3,5,3,5,5,2,3,3,Medical value chain > Digital Health & Health IT > Telematikinfrastruktur (TI) & gematik Ecosystem > eRezept / ePA infrastructure & TI value-added services
Medical,TI Connectors / TI-as-a-Service (TI-Gateway / RISE),24.4,73.3,33.3,Too late,restricted,5,3,5,3,5,5,2,3,3,Medical value chain > Digital Health & Health IT > Telematikinfrastruktur (TI) & gematik Ecosystem > TI Connectors / TI-as-a-Service (TI-Gateway / RISE)
Food & Agriculture Services,Bonded / veterinary-controlled food import handling,24.4,54.2,45.0,Too small,restricted,3,3,5,2,3,3,4,1,3,Food & Agriculture Services value chain > Cold-Chain & Food Logistics > Bonded / veterinary-controlled food import handling
Food & Agriculture Services,Deep-freeze / TK bulk storage (-18°C),24.3,58.3,41.7,Too late,open,4,2,4,5,2,3,2,1,4,Food & Agriculture Services value chain > Cold-Chain & Food Logistics > Temperature-controlled warehousing (Kühlhaus / TK-Lager) > Deep-freeze / TK bulk storage (-18°C)
Building & Facility Technical Services,Stairlift / platform lift sales & installation,24.1,48.3,50.0,Watchlist,open,2,4,4,3,3,4,3,3,3,Building & Facility Technical Services value chain > Lift & Escalator Service > Platform lifts & accessibility (Treppenlifte / Homelifts install & service) > Stairlift / platform lift sales & installation
Environmental Services,Fire/soot damage restoration (Brandschaden),24.1,48.3,50.0,Watchlist,open,4,3,4,3,3,3,3,3,3,Environmental Services value chain > Hazardous-Materials & Pollutant Removal > Fire & water damage restoration (Brand-/Wasserschadensanierung) > Fire/soot damage restoration (Brandschaden)
Medical,Workwear / PPE rental & decontamination (Mietberufskleidung),24.0,57.5,41.7,Too late,open,5,4,4,4,1,3,2,2,4,Medical value chain > Healthcare Services & Outsourcing > Hospital & Medical Textile / Laundry Services (Textilservice) > Workwear / PPE rental & decontamination (Mietberufskleidung)
"Testing, Inspection & Certification",GS-Mark Consumer Product Certification,24.0,57.5,41.7,Too late,open,4,3,4,3,4,3,2,2,4,"Testing, Inspection & Certification value chain > Product Testing & Certification > Toys & Consumer Products (GS mark) > GS-Mark Consumer Product Certification"
Environmental Services,Hazardous & Confined-Space Industrial Cleaning (Gefahrstoff- / Behaelterbefahrung),24.0,53.3,45.0,Pass,restricted,3,3,5,3,3,3,3,2,3,Environmental Services value chain > Industrial & Sewer Cleaning Services > Hazardous & Confined-Space Industrial Cleaning (Gefahrstoff- / Behaelterbefahrung)
Food & Agriculture Services,Animal-feed (Mischfutter) distribution & advisory,24.0,53.3,45.0,Pass,restricted,5,3,4,4,2,2,3,2,4,"Food & Agriculture Services value chain > Agri-Inputs Distribution, Advisory & Land Management > Agri-Input Distribution (Landhandel: seed / fertiliser / crop-protection) > Animal-feed (Mischfutter) distribution & advisory"
Food & Agriculture Services,Wood-Destroying Pest & Structural Wood Protection (Bekämpfender Holzschutz),24.0,53.3,45.0,Pass,restricted,2,5,4,3,3,3,5,2,3,Food & Agriculture Services value chain > Pest Control & Food-Industry Hygiene > Wood-Destroying Pest & Structural Wood Protection (Bekämpfender Holzschutz)
Food & Agriculture Services,Feed & agricultural sample testing,24.0,53.3,45.0,Pass,restricted,4,3,4,3,3,3,3,2,3,Food & Agriculture Services value chain > Food-Safety Testing & Laboratories > Feed & agricultural sample testing
"Testing, Inspection & Certification",Recurring inspection of Sonderbauten & Fliegende Bauten,23.6,52.5,45.0,Too small,restricted,4,3,5,2,4,3,4,3,3,"Testing, Inspection & Certification value chain > Construction, Structural & Real-Estate Inspection > Structural Design Review & Prüfstatik (Prüfingenieure / Prüfsachverständige) > Recurring inspection of Sonderbauten & Fliegende Bauten"
Environmental Services,Mixed / separated commercial municipal waste collection (Gewerbeabfall),23.6,56.7,41.7,Too late,open,5,4,4,4,2,3,2,3,4,Environmental Services value chain > Waste Collection & Disposal > Commercial & Industrial (C&I) Waste Collection > Mixed / separated commercial municipal waste collection (Gewerbeabfall)
Environmental Services,Faecal-Sludge Emptying & Disposal (Fäkalschlammentsorgung),23.6,52.5,45.0,Pass,restricted,5,4,5,3,2,2,4,3,3,Environmental Services value chain > Water & Wastewater Services > Decentralized Sewage Plants (Kleinklaeranlagen) Service & Emptying > Faecal-Sludge Emptying & Disposal (Fäkalschlammentsorgung)
Food & Agriculture Services,Private / independent Landhandel & grain trade,23.6,52.5,45.0,Pass,restricted,4,5,4,4,2,2,3,3,4,"Food & Agriculture Services value chain > Agri-Inputs Distribution, Advisory & Land Management > Agri-Input Distribution (Landhandel: seed / fertiliser / crop-protection) > Private / independent Landhandel & grain trade"
Insurance Brokerage & Financial Services,bAV-Digitalvermittler / provisionsarme Modelle,23.6,52.5,45.0,Too small,restricted,4,3,5,2,3,4,3,3,3,Insurance Brokerage & Financial Services value chain > Employee Benefits & Occupational Pensions (bAV) > bAV-Beratung & -Vermittlung (Firmenkunden-Makler) > bAV-Digitalvermittler / provisionsarme Modelle
Medical,Nuklearmedizin / Radiopharmazie-nahe Diagnostik,23.3,55.8,41.7,Too late,restricted,4,4,5,3,3,4,2,4,4,Medical value chain > Diagnostics & Laboratory > Radiologie & Bildgebung (Imaging Centres) > Nuklearmedizin / Radiopharmazie-nahe Diagnostik
Medical,Custom Seating & Children's Aids (Reha-Kinderversorgung / Sitzschalen),23.3,51.7,45.0,Pass,restricted,3,5,5,3,3,3,4,4,3,Medical value chain > Distribution & Medical Retail > Medical Supply Stores & Homecare (Sanitatshauser / Hilfsmittel) > Sanitatshaus Retail & Custom Aids > Custom Seating & Children's Aids (Reha-Kinderversorgung / Sitzschalen)
Medical,Qualified patient transport (KTW / Krankentransport),23.3,51.7,45.0,Pass,restricted,4,4,5,4,2,3,4,4,4,Medical value chain > Healthcare Services & Outsourcing > Non-Emergency Patient Transport (Krankenfahrten/Krankentransport) > Qualified patient transport (KTW / Krankentransport)
Medical,Disabled-passenger & wheelchair transport (Behindertenfahrdienst),23.3,51.7,45.0,Pass,restricted,4,5,3,4,2,4,4,4,4,Medical value chain > Healthcare Services & Outsourcing > Non-Emergency Patient Transport (Krankenfahrten/Krankentransport) > Disabled-passenger & wheelchair transport (Behindertenfahrdienst)
Medical,Mammography-Screening Units,23.3,55.8,41.7,Too late,restricted,5,3,5,3,4,3,2,4,4,Medical value chain > Diagnostics & Laboratory > Radiologie & Bildgebung (Imaging Centres) > Mammography-Screening Units
Medical,Intensive-Care Documentation (PDMS),23.3,70.0,33.3,Too late,open,4,3,5,3,5,4,2,2,3,Medical value chain > Digital Health & Health IT > Care-Home & Nursing Documentation Software (Pflegesoftware) > Intensive-Care Documentation (PDMS)
Building & Facility Technical Services,"Prüfpflichtige Anlagen (Aufzüge, Brandschutz, DGUV-V3-Elektro)",23.3,70.0,33.3,Too late,restricted,5,3,5,4,4,3,2,2,3,"Building & Facility Technical Services value chain > Technical FM & Building Envelope > Technisches Gebäudemanagement (TGM / Wartung-Bundles) > Prüfpflichtige Anlagen (Aufzüge, Brandschutz, DGUV-V3-Elektro)"
Environmental Services,Road & Surface Drainage Cleaning (Strassenablauf / Gully- / Sinkkastenreinigung),23.3,51.7,45.0,Pass,restricted,5,4,4,4,2,3,3,4,3,Environmental Services value chain > Industrial & Sewer Cleaning Services > Road & Surface Drainage Cleaning (Strassenablauf / Gully- / Sinkkastenreinigung)
Managed IT & Cybersecurity Services,Public-Sector / Verwaltungscloud Hosting,23.3,70.0,33.3,Too late,restricted,5,3,5,3,3,5,2,2,3,"Managed IT & Cybersecurity Services value chain > Cloud, Hosting & Data-Center Services > Sector-Specific Compliant Hosting (Healthcare & Public Sector) > Public-Sector / Verwaltungscloud Hosting"
Managed IT & Cybersecurity Services,Klinik-Rechenzentrum & KHZG-konformes Healthcare Managed Hosting,23.3,51.7,45.0,Pass,restricted,5,4,5,3,2,3,3,4,3,"Managed IT & Cybersecurity Services value chain > Cloud, Hosting & Data-Center Services > Sector-Specific Compliant Hosting (Healthcare & Public Sector) > Klinik-Rechenzentrum & KHZG-konformes Healthcare Managed Hosting"
Medical,ePA / Electronic Patient Record Modules,23.0,69.2,33.3,Too late,restricted,5,2,5,3,5,5,2,3,3,Medical value chain > Digital Health & Health IT > Telematikinfrastruktur (TI) & gematik Ecosystem > ePA / Electronic Patient Record Modules
Environmental Services,Ferrous scrap (Stahl-/Eisenschrott),22.3,38.3,58.3,Watchlist,open,4,5,3,4,1,3,3,5,4,Environmental Services value chain > Recycling & Materials Recovery > Metal Scrap Recycling (Schrott / NE-Metalle) > Ferrous scrap (Stahl-/Eisenschrott)
Food & Agriculture Services,Deep-freeze line-haul (TK-Fernverkehr),22.2,53.3,41.7,Pass,open,4,4,5,3,1,3,2,2,4,Food & Agriculture Services value chain > Cold-Chain & Food Logistics > Refrigerated transport (TK-Distribution / Frischedienst) > Deep-freeze line-haul (TK-Fernverkehr)
Food & Agriculture Services,Heavy metals & inorganic contaminants,22.2,66.7,33.3,Too late,open,3,3,5,3,4,4,2,1,3,Food & Agriculture Services value chain > Food-Safety Testing & Laboratories > Chemical residues & contaminants > Heavy metals & inorganic contaminants
Food & Agriculture Services,Allergen testing (ELISA/PCR),22.2,66.7,33.3,Too late,open,4,3,5,3,3,4,2,1,3,Food & Agriculture Services value chain > Food-Safety Testing & Laboratories > Allergen & authenticity / food-fraud testing > Allergen testing (ELISA/PCR)
"Testing, Inspection & Certification",Bauschaden- & Mängelgutachten (damage/defect reports),22.1,49.2,45.0,Pass,restricted,2,5,3,3,3,3,5,2,3,"Testing, Inspection & Certification value chain > Construction, Structural & Real-Estate Inspection > Building Surveying & Defect Assessment (Bausachverständige / Baugutachter) > Bauschaden- & Mängelgutachten (damage/defect reports)"
Food & Agriculture Services,Stored-Product & Structural Fumigation (Begasung / Vorratsschutz),22.1,49.2,45.0,Too small,restricted,3,3,5,2,3,3,4,2,4,Food & Agriculture Services value chain > Pest Control & Food-Industry Hygiene > Stored-Product & Structural Fumigation (Begasung / Vorratsschutz)
Medical,POCT / Patientennahe Sofortdiagnostik,21.9,52.5,41.7,Pass,open,4,3,4,3,3,4,3,3,2,Medical value chain > Diagnostics & Laboratory > Point-of-Care & Dezentrale/Betriebliche Diagnostik > POCT / Patientennahe Sofortdiagnostik
Medical,Card / eHBA Identity Services,21.9,65.8,33.3,Too late,restricted,4,3,5,3,4,4,2,2,3,Medical value chain > Digital Health & Health IT > Telematikinfrastruktur (TI) & gematik Ecosystem > Card / eHBA Identity Services
Environmental Services,Trenchless Sewer & Pipe Rehabilitation (Kanalsanierung / Schlauchlining),21.9,52.5,41.7,Pass,open,2,4,4,5,2,4,2,3,4,Environmental Services value chain > Industrial & Sewer Cleaning Services > Trenchless Sewer & Pipe Rehabilitation (Kanalsanierung / Schlauchlining)
Environmental Services,On-site industrial / production waste management (Werksentsorgung),21.9,65.8,33.3,Too late,open,5,3,5,4,3,3,2,2,3,Environmental Services value chain > Waste Collection & Disposal > Commercial & Industrial (C&I) Waste Collection > On-site industrial / production waste management (Werksentsorgung)
Managed IT & Cybersecurity Services,"Sovereign / German Cloud (Gaia-X, C5)",21.9,65.8,33.3,Too late,open,5,3,5,3,2,5,2,2,3,"Managed IT & Cybersecurity Services value chain > Cloud, Hosting & Data-Center Services > Sovereign / German Cloud (Gaia-X, C5)"
Medical,Claims Auditing / Rechnungspruefung (Prüfdienstleister),21.7,48.3,45.0,Too small,restricted,4,3,3,2,5,3,3,3,3,Medical value chain > Payers & Regulatory Ecosystem > Payer / Insurer BPO & Claims-Processing Services > Claims Auditing / Rechnungspruefung (Prüfdienstleister)
Medical,"Allied-health & therapist staffing (MTA/OTA, Therapie)",21.7,48.3,45.0,Pass,restricted,3,4,3,3,3,4,3,3,3,"Medical value chain > Healthcare Services & Outsourcing > Healthcare Staffing / Zeitarbeit (Pflege & Aerzte) > Allied-health & therapist staffing (MTA/OTA, Therapie)"
"Testing, Inspection & Certification",Refinery/chemical turnaround & piping inspection,21.7,48.3,45.0,Pass,restricted,4,4,5,3,2,2,3,3,3,"Testing, Inspection & Certification value chain > Industrial NDT & Materials Testing > Plant, Pipeline & Tank In-Service Integrity Inspection (BetrSichV/ZÜS) > Refinery/chemical turnaround & piping inspection"
Food & Agriculture Services,Agricultural Machinery Dealer Service & Repair (Landtechnik-Werkstatt),21.7,48.3,45.0,Pass,restricted,4,4,2,4,3,3,4,3,4,Food & Agriculture Services value chain > Agricultural Contracting & Farm Services > Agricultural Machinery Dealer Service & Repair (Landtechnik-Werkstatt)
Food & Agriculture Services,Agricultural Irrigation Services (Bewässerung / Beregnung),21.7,48.3,45.0,Pass,restricted,4,3,4,3,2,4,3,3,4,Food & Agriculture Services value chain > Agricultural Contracting & Farm Services > Agricultural Irrigation Services (Bewässerung / Beregnung)
Medical,Upper-Limb Prosthetics (Armprothetik),21.4,47.5,45.0,Too small,restricted,3,5,5,2,3,3,4,4,3,Medical value chain > Distribution & Medical Retail > Orthopaedic Technology & Shoe-Making (Orthopadietechnik / -schuhtechnik) > Orthopaedic Technology (Prostheses & Orthoses) > Upper-Limb Prosthetics (Armprothetik)
Medical,Seated medical taxi / Krankenfahrten (§60 SGB V),21.4,47.5,45.0,Pass,restricted,4,5,4,4,1,3,5,4,3,Medical value chain > Healthcare Services & Outsourcing > Non-Emergency Patient Transport (Krankenfahrten/Krankentransport) > Seated medical taxi / Krankenfahrten (§60 SGB V)
Food & Agriculture Services,"Precision-Ag, Drone & Soil-Mapping Services",21.4,47.5,45.0,Too small,restricted,3,5,3,2,3,5,5,4,3,"Food & Agriculture Services value chain > Agricultural Contracting & Farm Services > Precision-Ag, Drone & Soil-Mapping Services"
Medical,Enteral & Parenteral Nutrition Homecare (Ernaehrungstherapie),21.2,50.8,41.7,Pass,restricted,5,2,5,3,3,5,2,5,4,Medical value chain > Distribution & Medical Retail > Medical Supply Stores & Homecare (Sanitatshauser / Hilfsmittel) > Ambulatory Homecare Provisioning (wound / stoma / incontinence / enteral / respiratory) > Enteral & Parenteral Nutrition Homecare (Ernaehrungstherapie)
Medical,Respiratory / Oxygen & Home Ventilation (Sauerstoff & Beatmung),21.2,50.8,41.7,Pass,restricted,5,3,5,4,2,4,2,5,4,Medical value chain > Distribution & Medical Retail > Medical Supply Stores & Homecare (Sanitatshauser / Hilfsmittel) > Ambulatory Homecare Provisioning (wound / stoma / incontinence / enteral / respiratory) > Respiratory / Oxygen & Home Ventilation (Sauerstoff & Beatmung)
"Testing, Inspection & Certification",Pressure & Gas Appliances (PED / GAR),20.8,62.5,33.3,Too late,open,3,3,5,3,4,3,2,1,3,"Testing, Inspection & Certification value chain > Product Testing & Certification > Pressure & Gas Appliances (PED / GAR)"
Building & Facility Technical Services,Mechanical security & locksmithing (Schließanlagen / Schlüsseldienst),20.6,45.8,45.0,Pass,restricted,2,5,2,3,2,3,4,1,3,Building & Facility Technical Services value chain > Security & Access Systems > Mechanical security & locksmithing (Schließanlagen / Schlüsseldienst)
Medical,Care-home / residential laundry & resident-textile service (Bewohnerwäsche),20.5,61.7,33.3,Too late,open,5,5,4,3,2,3,2,2,3,Medical value chain > Healthcare Services & Outsourcing > Hospital & Medical Textile / Laundry Services (Textilservice) > Care-home / residential laundry & resident-textile service (Bewohnerwäsche)
"Testing, Inspection & Certification",Welding Procedure & Welder Certification (SLV/DVS),20.5,61.7,33.3,Too late,restricted,4,3,5,3,4,3,2,2,3,"Testing, Inspection & Certification value chain > Industrial NDT & Materials Testing > Welding Procedure & Welder Certification (SLV/DVS)"
Environmental Services,Phosphorus Recovery from Sludge/Ash,20.1,48.3,41.7,Too small,open,4,2,5,2,2,5,2,3,4,Environmental Services value chain > Water & Wastewater Services > Sludge (Klärschlamm) Treatment & Phosphorus Recovery > Phosphorus Recovery from Sludge/Ash
Medical,General Ophthalmology MVZ Platforms (Allgemeine Augen-MVZ),20.0,60.0,33.3,Too late,restricted,4,3,4,5,4,4,1,4,5,Medical value chain > Care Delivery & Providers > Outpatient Physician Roll-ups via MVZ > Ophthalmology (Augenheilkunde) MVZ > General Ophthalmology MVZ Platforms (Allgemeine Augen-MVZ)
Medical,Cranial Remoulding & Paediatric OT (Kopforthesen / Kinderorthopadie),19.9,44.2,45.0,Too small,restricted,3,3,4,2,3,4,4,3,3,Medical value chain > Distribution & Medical Retail > Orthopaedic Technology & Shoe-Making (Orthopadietechnik / -schuhtechnik) > Orthopaedic Technology (Prostheses & Orthoses) > Cranial Remoulding & Paediatric OT (Kopforthesen / Kinderorthopadie)
Food & Agriculture Services,Crop-Protection & Agronomy Advisory,19.9,44.2,45.0,Too small,restricted,3,3,4,2,4,3,3,3,3,Food & Agriculture Services value chain > Agricultural Contracting & Farm Services > Crop-Protection & Agronomy Advisory
Medical,"Humangenetik (Erbkrankheiten, Pharmakogenetik)",19.8,47.5,41.7,Pass,restricted,2,3,5,3,4,4,2,4,4,"Medical value chain > Diagnostics & Laboratory > Molekulare & Genetische Diagnostik > Humangenetik (Erbkrankheiten, Pharmakogenetik)"
Environmental Services,Battery & Li-ion Recycling (BattG / EU-Batterieverordnung),19.8,47.5,41.7,Pass,restricted,4,2,5,3,2,5,2,4,4,Environmental Services value chain > Recycling & Materials Recovery > Battery & Li-ion Recycling (BattG / EU-Batterieverordnung)
Medical,Breast Prosthetics & Mastectomy Care (Brustprothetik / Brustversorgung),19.5,43.3,45.0,Too small,restricted,3,4,5,2,3,3,3,4,3,Medical value chain > Distribution & Medical Retail > Medical Supply Stores & Homecare (Sanitatshauser / Hilfsmittel) > Sanitatshaus Retail & Custom Aids > Breast Prosthetics & Mastectomy Care (Brustprothetik / Brustversorgung)
Medical,Respite / Substitute Care (Verhinderungspflege & household support),19.5,43.3,45.0,Pass,restricted,3,5,3,3,2,4,5,4,3,Medical value chain > Care Delivery & Providers > Outpatient / Mobile Nursing Services (Ambulante Pflegedienste) > Respite / Substitute Care (Verhinderungspflege & household support)
Medical,Ventilation Shared-Living Groups (Beatmungs-WG / Wohngemeinschaften),19.5,46.7,41.7,Pass,restricted,5,4,5,3,3,2,2,5,4,Medical value chain > Care Delivery & Providers > Outpatient / Mobile Nursing Services (Ambulante Pflegedienste) > Outpatient Intensive Care (Ausserklinische Intensivpflege) > Ventilation Shared-Living Groups (Beatmungs-WG / Wohngemeinschaften)
Building & Facility Technical Services,Escalator & moving-walk service,19.4,58.3,33.3,Too small,restricted,5,2,4,2,4,3,2,1,3,Building & Facility Technical Services value chain > Lift & Escalator Service > Escalator & moving-walk service
Food & Agriculture Services,Food-contact / packaging migration testing,19.4,58.3,33.3,Too small,open,3,2,5,2,4,4,2,1,3,Food & Agriculture Services value chain > Food-Safety Testing & Laboratories > Food-contact / packaging migration testing
Medical,Biologics / cell & gene therapy (ATMP) CDMO,19.1,57.5,33.3,Too late,open,3,2,5,3,3,5,2,2,3,Medical value chain > Pharmaceuticals & Biotech > Contract Development & Manufacturing (CDMO/CMO) > Biologics / cell & gene therapy (ATMP) CDMO
Medical,Blood & Plasma Donation Services,19.1,57.5,33.3,Too late,restricted,4,2,5,3,3,4,2,2,3,Medical value chain > Healthcare Services & Outsourcing > Blood & Plasma Donation Services
Medical,Short-Term Care (Kurzzeitpflege),19.1,42.5,45.0,Too small,restricted,3,5,5,2,2,4,4,5,3,Medical value chain > Care Delivery & Providers > Inpatient Long-Term Elderly Care (Stationaere Pflege / Pflegeheime) > Short-Term Care (Kurzzeitpflege)
"Testing, Inspection & Certification",Subsidised energy advisory (iSFP / BAFA / KfW),19.1,42.5,45.0,Pass,restricted,3,5,4,4,2,3,5,5,4,"Testing, Inspection & Certification value chain > Construction, Structural & Real-Estate Inspection > Energy Performance Certification & GEG Energy Advisory (Energieausweis / Energieberatung) > Subsidised energy advisory (iSFP / BAFA / KfW)"
Medical,Hospital Information Systems (KIS/HIS),18.6,74.2,25.0,Too late,open,5,2,5,5,4,4,1,2,4,Medical value chain > Digital Health & Health IT > Hospital Information Systems (KIS/HIS)
Building & Facility Technical Services,Submetering & Heat-Cost Allocation (Messdienst),18.6,74.2,25.0,Too late,restricted,5,1,5,5,5,4,1,2,4,"Building & Facility Technical Services value chain > Plumbing, Sanitary & Water Hygiene (SHK) > Submetering & Heat-Cost Allocation (Messdienst)"
Environmental Services,Collection & first-treatment (Erstbehandlung),18.6,55.8,33.3,Too late,restricted,4,4,5,4,2,4,2,4,3,"Environmental Services value chain > Recycling & Materials Recovery > WEEE / Electronic Waste Recycling (Elektroschrott, ElektroG) > Collection & first-treatment (Erstbehandlung)"
Insurance Brokerage & Financial Services,PE-backed Privatkunden consolidators / buy-and-build platforms,18.6,74.2,25.0,Too late,open,5,3,4,5,4,4,1,2,4,Insurance Brokerage & Financial Services value chain > Retail & Personal-Lines Brokerage > Regionale Privatkunden-Maklerbueros (independent long-tail Makler) > PE-backed Privatkunden consolidators / buy-and-build platforms
Environmental Services,"Tank, Silo & Vessel Cleaning (Tank-/Silo-/Behaelterreinigung)",17.7,53.3,33.3,Pass,restricted,3,4,5,3,2,3,2,2,3,"Environmental Services value chain > Industrial & Sewer Cleaning Services > Tank, Silo & Vessel Cleaning (Tank-/Silo-/Behaelterreinigung)"
Environmental Services,"Hazardous waste treatment & disposal (CPB, incineration, underground)",17.7,53.3,33.3,Pass,restricted,4,2,5,3,3,3,2,2,3,"Environmental Services value chain > Waste Collection & Disposal > Hazardous Waste (Sonderabfall) Collection & Disposal > Hazardous waste treatment & disposal (CPB, incineration, underground)"
Insurance Brokerage & Financial Services,Closed-fund / Sachwerte & Publikums-AIF distribution,17.6,39.2,45.0,Too small,restricted,3,4,5,2,3,2,4,4,3,Insurance Brokerage & Financial Services value chain > Financial & Investment Advisory Distribution > Independent §34f Finanzanlagenvermittler (long tail) > Closed-fund / Sachwerte & Publikums-AIF distribution
Medical,Single-use device reprocessing / CE remanufacturing,17.5,52.5,33.3,Too small,restricted,5,2,5,2,3,4,2,3,3,Medical value chain > Medical Devices & Equipment > Reprocessing / Reconditioning of Medical Devices (Aufbereitung) > Single-use device reprocessing / CE remanufacturing
Environmental Services,Industrial Vacuum / Suction & Disposal (Saug- und Entsorgungstechnik),17.5,52.5,33.3,Pass,restricted,3,4,4,4,3,3,2,3,3,Environmental Services value chain > Industrial & Sewer Cleaning Services > Industrial High-Pressure & Vacuum Cleaning (Hoechstdruck / Saugtechnik) > Industrial Vacuum / Suction & Disposal (Saug- und Entsorgungstechnik)
Environmental Services,Mechanical recycling & recyclate production,17.5,30.0,58.3,Watchlist,open,3,4,4,4,1,2,3,5,4,Environmental Services value chain > Recycling & Materials Recovery > Plastics Recycling & Recyclate (Kunststoffrecycling / Rezyklat) > Mechanical recycling & recyclate production
Medical,Ventilator Weaning (Beatmungsentwöhnung / Weaning),17.2,38.3,45.0,Too small,restricted,3,3,5,2,3,4,3,5,3,Medical value chain > Care Delivery & Providers > Outpatient / Mobile Nursing Services (Ambulante Pflegedienste) > Outpatient Intensive Care (Ausserklinische Intensivpflege) > Ventilator Weaning (Beatmungsentwöhnung / Weaning)
Medical,Cardiac Imaging (Kardio-CT / CMR),17.2,51.7,33.3,Pass,restricted,3,4,4,3,3,5,2,4,3,Medical value chain > Diagnostics & Laboratory > Radiologie & Bildgebung (Imaging Centres) > Cardiac Imaging (Kardio-CT / CMR)
Medical,Tracheostomy Care Re-Supply (Tracheostomaversorgung),16.9,50.8,33.3,Pass,restricted,5,2,5,3,4,4,2,5,3,Medical value chain > Distribution & Medical Retail > Medical Supply Stores & Homecare (Sanitatshauser / Hilfsmittel) > Ambulatory Homecare Provisioning (wound / stoma / incontinence / enteral / respiratory) > Tracheostomy Care Re-Supply (Tracheostomaversorgung)
"Testing, Inspection & Certification",Medical-Device Notified Bodies (light - overlaps medical),16.4,65.8,25.0,Too late,open,4,2,5,4,4,4,1,2,4,"Testing, Inspection & Certification value chain > Product Testing & Certification > Medical-Device Notified Bodies (light - overlaps medical)"
Environmental Services,Non-ferrous & precious metals (NE-Metalle),16.3,39.2,41.7,Pass,open,4,3,3,4,2,3,2,4,4,Environmental Services value chain > Recycling & Materials Recovery > Metal Scrap Recycling (Schrott / NE-Metalle) > Non-ferrous & precious metals (NE-Metalle)
Environmental Services,Textiles (Alttextilien),15.8,35.0,45.0,Pass,restricted,3,4,4,3,2,2,4,4,4,"Environmental Services value chain > Recycling & Materials Recovery > Paper, Glass & Textile Recycling (commodity streams) > Textiles (Alttextilien)"
"Testing, Inspection & Certification",Notified-Body EU Type-Examination,15.6,62.5,25.0,Too late,open,3,2,5,4,4,3,1,1,4,"Testing, Inspection & Certification value chain > Product Testing & Certification > CE Marking & Conformity Assessment (horizontal) > Notified-Body EU Type-Examination"
Medical,Sterile injectables / fill-finish CDMO,15.4,61.7,25.0,Too late,open,3,2,5,4,3,5,1,2,4,Medical value chain > Pharmaceuticals & Biotech > Contract Development & Manufacturing (CDMO/CMO) > Sterile injectables / fill-finish CDMO
"Testing, Inspection & Certification",Sustainability / ESG & CSRD Assurance,15.4,61.7,25.0,Too late,open,5,2,5,3,4,3,1,2,4,"Testing, Inspection & Certification value chain > Management-System & Process Certification > Sustainability / ESG & CSRD Assurance"
Medical,Dental & Veterinary Supply Distribution (Dentaldepot / Veterinargrosshandel),15.0,45.0,33.3,Pass,open,4,2,3,4,2,3,2,2,3,Medical value chain > Distribution & Medical Retail > Dental & Veterinary Supply Distribution (Dentaldepot / Veterinargrosshandel)
Environmental Services,Mobile / Emergency Water Treatment (Rental),15.0,45.0,33.3,Pass,restricted,3,3,2,3,3,4,2,2,3,Environmental Services value chain > Water & Wastewater Services > Mobile / Emergency Water Treatment (Rental)
Medical,Clinical-Trial Insurance & Risk Services (Probandenversicherung),14.6,58.3,25.0,Too small,restricted,3,2,5,2,5,3,2,1,2,Medical value chain > Payers & Regulatory Ecosystem > Clinical-Trial Insurance & Risk Services (Probandenversicherung)
Environmental Services,Thermal Waste Treatment / Waste-to-Energy (MVA / EBS-Kraftwerke),14.6,35.0,41.7,Too small,restricted,4,2,5,2,2,3,2,4,4,Environmental Services value chain > Waste Collection & Disposal > Thermal Waste Treatment / Waste-to-Energy (MVA / EBS-Kraftwerke)
Medical,Fachaerztliche Grosslabore / Laborketten,12.7,50.8,25.0,Pass,restricted,5,2,5,5,3,3,1,5,4,Medical value chain > Diagnostics & Laboratory > Fachaerztliche Labormedizin & Laborgemeinschaften > Fachaerztliche Grosslabore / Laborketten
Food & Agriculture Services,National full-line delivery wholesalers,11.2,45.0,25.0,Too small,restricted,5,2,4,2,2,3,1,2,4,Food & Agriculture Services value chain > Cold-Chain & Food Logistics > Foodservice / catering delivery wholesale (Zustellgroßhandel) > National full-line delivery wholesalers
Environmental Services,Glass (Altglas),10.3,30.8,33.3,Too small,open,4,3,4,2,2,2,2,4,3,"Environmental Services value chain > Recycling & Materials Recovery > Paper, Glass & Textile Recycling (commodity streams) > Glass (Altglas)"
Food & Agriculture Services,Last-mile grocery & fresh/frozen home delivery,9.2,36.7,25.0,Too small,restricted,3,2,4,2,1,4,1,2,4,Food & Agriculture Services value chain > Cold-Chain & Food Logistics > Last-mile grocery & fresh/frozen home delivery
Environmental Services,Shredding & post-shredder treatment,9.0,21.7,41.7,Too small,restricted,3,3,4,2,2,2,2,5,4,Environmental Services value chain > Recycling & Materials Recovery > End-of-Life Vehicle Recycling (Altfahrzeug / ELV) > Shredding & post-shredder treatment
Environmental Services,Chemical recycling (emerging),7.9,17.5,45.0,Too small,restricted,2,2,4,2,1,4,4,5,4,Environmental Services value chain > Recycling & Materials Recovery > Plastics Recycling & Recyclate (Kunststoffrecycling / Rezyklat) > Chemical recycling (emerging)
Building & Facility Technical Services,OEM lift service (Big Four captive base),6.7,83.3,8.0,Blocked,blocked,5,2,5,5,5,4,1,1,4,Building & Facility Technical Services value chain > Lift & Escalator Service > OEM lift service (Big Four captive base)
Food & Agriculture Services,"Farm bookkeeping, tax & payroll (Buchstelle core)",5.9,74.2,8.0,Blocked,blocked,5,4,5,3,5,3,4,2,4,"Food & Agriculture Services value chain > Agri-Inputs Distribution, Advisory & Land Management > Agricultural Advisory & Farm Bookkeeping/Tax (landwirtschaftliche Buchstelle) > Farm bookkeeping, tax & payroll (Buchstelle core)"
Medical,Laborgemeinschaften (Arzt-Kostengemeinschaften),5.7,71.7,8.0,Blocked,blocked,5,4,5,0,0,0,2,5,4,Medical value chain > Diagnostics & Laboratory > Fachaerztliche Labormedizin & Laborgemeinschaften > Laborgemeinschaften (Arzt-Kostengemeinschaften)
Building & Facility Technical Services,Statutory lift inspection (ZÜS / TIC overlap),5.3,65.8,8.0,Blocked,blocked,5,2,5,3,5,3,2,2,3,Building & Facility Technical Services value chain > Lift & Escalator Service > Statutory lift inspection (ZÜS / TIC overlap)
Medical,eRezept Infrastructure,5.2,65.0,8.0,Blocked,blocked,5,2,5,4,4,4,1,3,3,Medical value chain > Digital Health & Health IT > Telematikinfrastruktur (TI) & gematik Ecosystem > eRezept Infrastructure
Medical,MDR / IVDR Notified Bodies,5.0,62.5,8.0,Blocked,blocked,4,1,5,2,5,4,1,1,4,Medical value chain > Payers & Regulatory Ecosystem > Medical Device Certification & Auditing Bodies (Benannte Stellen / Notified Bodies) > MDR / IVDR Notified Bodies
Medical,Privatärztliche Verrechnungsstellen (PVS),4.6,57.5,8.0,Blocked,blocked,5,2,4,3,4,3,1,2,5,Medical value chain > Payers & Regulatory Ecosystem > Private Medical & Dental Billing / Factoring Intermediaries (Verrechnungsstellen) > Privatärztliche Verrechnungsstellen (PVS)
Environmental Services,Battery & WEEE take-back registers,4.6,57.5,8.0,Blocked,blocked,5,2,5,2,3,4,1,2,5,"Environmental Services value chain > Recycling & Materials Recovery > EPR Compliance & Take-Back Schemes (Duales System, LUCID, GRS) > Battery & WEEE take-back registers"
Food & Agriculture Services,Herd-health / large-animal veterinary services (Bestandsbetreuung),4.6,57.5,8.0,Blocked,blocked,5,4,5,2,3,2,2,2,0,"Food & Agriculture Services value chain > Agricultural Contracting & Farm Services > Livestock Services (Klauenpflege, Besamung, Stallhygiene) > Herd-health / large-animal veterinary services (Bestandsbetreuung)"
"Testing, Inspection & Certification",Commercial-vehicle safety inspection (SP §29 StVZO),4.5,55.8,8.0,Blocked,blocked,5,3,5,3,4,3,1,4,4,"Testing, Inspection & Certification value chain > Periodic Technical & Safety Inspection > Statutory Vehicle Inspection (HU/AU §29 StVZO) > Commercial-vehicle safety inspection (SP §29 StVZO)"
Medical,Community Pharmacies (Apotheken),4.4,55.0,8.0,Blocked,blocked,5,4,5,5,3,2,1,5,5,Medical value chain > Distribution & Medical Retail > Community Pharmacies (Apotheken)
Medical,Private Pflege- & Sozialmedizinische Begutachtung,4.2,52.5,8.0,Blocked,blocked,4,4,3,2,4,4,3,3,3,Medical value chain > Payers & Regulatory Ecosystem > Independent Medical Review & Assessment Services (Gutachter) > Private Pflege- & Sozialmedizinische Begutachtung
"Testing, Inspection & Certification","Pressure vessels, boilers & piping",4.2,52.5,8.0,Blocked,blocked,5,2,5,2,4,3,1,3,4,"Testing, Inspection & Certification value chain > Periodic Technical & Safety Inspection > Pressure Equipment & Tank Systems (BetrSichV / ÜAnlG) > Pressure vessels, boilers & piping"
Food & Agriculture Services,"Association/Verband Organic Certification (Demeter, Bioland, Naturland)",3.9,48.3,8.0,Blocked,blocked,5,4,3,2,3,3,2,3,4,"Food & Agriculture Services value chain > Food Certification & Auditing > Organic / Bio Certification (EU-Öko-VO Kontrollstellen) > Association/Verband Organic Certification (Demeter, Bioland, Naturland)"
Environmental Services,Packaging dual systems (Verpackung),3.8,47.5,8.0,Blocked,blocked,5,3,5,3,3,2,1,4,4,"Environmental Services value chain > Recycling & Materials Recovery > EPR Compliance & Take-Back Schemes (Duales System, LUCID, GRS) > Packaging dual systems (Verpackung)"
Medical,Dialysis / Nephrology Centres,3.7,46.7,8.0,Blocked,blocked,5,2,5,3,3,4,1,5,4,Medical value chain > Care Delivery & Providers > Outpatient Physician Roll-ups via MVZ > Dialysis / Nephrology Centres
"Testing, Inspection & Certification",Prüfstatik / structural & fire-safety design review,3.6,45.0,8.0,Blocked,blocked,2,3,5,2,4,2,3,2,4,"Testing, Inspection & Certification value chain > Construction, Structural & Real-Estate Inspection > Structural Design Review & Prüfstatik (Prüfingenieure / Prüfsachverständige) > Prüfstatik / structural & fire-safety design review"
Food & Agriculture Services,AI / Breeding Services (Besamung & Tierzucht),3.6,45.0,8.0,Blocked,blocked,5,2,4,2,3,2,3,2,5,"Food & Agriculture Services value chain > Agricultural Contracting & Farm Services > Livestock Services (Klauenpflege, Besamung, Stallhygiene) > AI / Breeding Services (Besamung & Tierzucht)"
"Testing, Inspection & Certification",Legal metrology – verification (Eichung) of trade measuring instruments,3.5,44.2,8.0,Blocked,blocked,5,2,5,2,3,2,2,3,4,"Testing, Inspection & Certification value chain > Calibration & Metrology > Legal metrology – verification (Eichung) of trade measuring instruments"
Food & Agriculture Services,Co-operative Warengenossenschaften (Raiffeisen),3.5,43.3,8.0,Blocked,blocked,4,3,4,5,2,2,1,4,5,"Food & Agriculture Services value chain > Agri-Inputs Distribution, Advisory & Land Management > Agri-Input Distribution (Landhandel: seed / fertiliser / crop-protection) > Co-operative Warengenossenschaften (Raiffeisen)"
Medical,Pharmaceutical Wholesale (Pharmagrosshandel),3.1,39.2,8.0,Blocked,blocked,5,1,4,5,1,3,1,4,4,Medical value chain > Distribution & Medical Retail > Pharmaceutical Wholesale (Pharmagrosshandel)
Environmental Services,Paper & cardboard (Altpapier),3.1,38.3,8.0,Blocked,blocked,4,4,3,4,2,3,2,5,3,"Environmental Services value chain > Recycling & Materials Recovery > Paper, Glass & Textile Recycling (commodity streams) > Paper & cardboard (Altpapier)"
Insurance Brokerage & Financial Services,Ausschliesslichkeitsvertreter / gebundene Vertreter (tied exclusive agents),2.5,31.7,8.0,Blocked,blocked,3,5,4,1,2,1,2,3,4,Insurance Brokerage & Financial Services value chain > Retail & Personal-Lines Brokerage > Ausschliesslichkeitsvertreter / gebundene Vertreter (tied exclusive agents)
Environmental Services,Precious/critical-metal recovery from PCBs,2.1,25.8,8.0,Blocked,blocked,3,2,4,2,2,4,1,5,4,"Environmental Services value chain > Recycling & Materials Recovery > WEEE / Electronic Waste Recycling (Elektroschrott, ElektroG) > Precious/critical-metal recovery from PCBs"
