sector,niche,company,legal_name,website,hq_region,founded,est_revenue_band,est_employees,ownership,independent,succession_signal,role,fit_score,status,confidence,approach_note,source_url
Medical & Healthcare,Sicherheitstechnische Kontrolle (STK) of Anlage-1 devices,EBA AG,EBA AG (formerly EBA Medizintechnik GmbH),https://www.eba-ag.de,"Ansbach, Bayern (branches Munich, Nuremberg)",1991,EUR 3-10m,20-60,founder,yes,"Founders Klaus Böhmdorfer & Stefan Endreß still on board since 1991 (~34 yrs) -> likely 60+, succession relevant",platform,100,verified,5,"Manufacturer-independent STK specialist for clinics/MVZ/practices with 3 Bavarian sites and 30+yr track record - founder-owned AG, strong platform candidate.",https://www.eba-ag.de/unternehmen/ueber-die-eba-ag/
Medical & Healthcare,Sicherheitstechnische Kontrolle (STK) of Anlage-1 devices,Greisen Produkt Service GmbH (GPS Hamburg),Greisen Produkt Service GmbH,https://www.gps-hh.de,Hamburg,1991,EUR 1-3m,10-30,independent,yes,"Manufacturer-independent engineering office operating since 1991 (~34 yrs), 25+ yrs experience -> founder likely near retirement",platform,100,verified,4,"Pure-play manufacturer-independent Medizintechnik engineering office (STK/MTK/DGUV V3 on defibrillators, HF-surgery, infusion pumps) since 1991 - ideal Northern-Germany anchor.",https://www.gps-hh.de/medizintechnik/
Building & Facility Technical Services,Lightning Protection & Surge (Blitzschutz / Überspannungsschutz),BBS-Blitzschutz-Bau Stuttgart GmbH,BBS-Blitzschutz Bau Stuttgart GmbH,https://blitzschutzbaustuttgart.de/,"Lenningen, Baden-Württemberg (Raum Stuttgart)",1960,EUR 2-5m,15-40,family,yes,"Generationswechsel sichtbar: Karl-Joachim Braun nicht mehr GF, Michael Braun als Geschäftsführer; >65 Jahre Firmenhistorie",bolt-on,95,verified,3,Mittelständischer regionaler Familienbetrieb mit 65 Jahren Blitzschutz-Erfahrung im Großraum Stuttgart - Übergabe/Konsolidierung Südwest.,https://blitzschutzbaustuttgart.de/unternehmen/
Building & Facility Technical Services,Lightning Protection & Surge (Blitzschutz / Überspannungsschutz),Hellwagner Blitzschutzbau GmbH,Hellwagner Blitzschutzbau GmbH,https://www.blitzschutzbau.at/,"Hallwang bei Salzburg, AT",1965,EUR 1-3m,10-25,founder,yes,"2012 zur Gänze von Christian Hellwagner übernommen - Eigentum bei einer Person, langfristige Nachfolge offen",bolt-on,93,verified,3,"Alteingesessener Salzburger Blitzschutz-/Erdungsbetrieb (seit 1965), 2012 komplett übernommen - Tuck-in für ein West-Österreich-Cluster.",https://www.blitzschutzbau.at/unternehmen/
Building & Facility Technical Services,Lightning Protection & Surge (Blitzschutz / Überspannungsschutz),Liepert Blitzschutz GmbH,Liepert Blitzschutz GmbH,https://blitzplanung.de/,"Rastede, Niedersachsen (7 Stützpunkte bundesweit)",1989,EUR 10-20m,130+,family,yes,Gründer Gerhard Liepert + Sohn Jens Liepert; externe GF (Stefan Schumacher) hinzugekommen - Übergabe/Institutionalisierung im Gange,platform,90,verified,4,"Größter unabhängiger Kandidat: bundesweit 7 Stützpunkte, ~130 MA, Fokus Wartung/Service/Prüfung (sticky recurring) - idealer Plattform-Anker mit externem GF und Nachfolgethema.",https://blitzplanung.de/ueber-uns/
Environmental Services,Immissionsschutz- & Störfallbeauftragter (§53/§58a BImSchG),NUC Naundorf Umweltconsulting,Naundorf Umweltconsulting GmbH,https://www.nuc.eu,"Osnabrück, Niedersachsen",1994,EUR 3-8m,20-49,founder,yes,"founder Torsten Naundorf still GF, business 30+ years old (est. 1994)",platform,90,verified,4,"Broad outsourced-Umweltbeauftragter provider (Immissionsschutz + Störfall) serving 500+ producers nationwide from one hub – ideal anchor platform; founder-led, generational-transition angle.",https://www.nuc.eu/umweltbeauftragte/immissionsschutzbeauftragte/
Environmental Services,Immissionsschutz- & Störfallbeauftragter (§53/§58a BImSchG),Höppner Management & Consultant,Höppner Management & Consultant GmbH,https://www.hoeppner-management.de,"Winsen (Luhe), Niedersachsen",1997,EUR 2-5m,20-50,family,yes,founder-led by Dr. Nils-Oliver Höppner,platform,90,verified,4,"Independent consultancy for Arbeitsschutz/Umweltschutz taking on all operational environmental-officer roles (Immissionsschutz, Störfall, Abfall, Gewässerschutz) for 300+ clients – solid platform/bolt-on.",https://www.hoeppner-management.de/en/environmental-officer/
Environmental Services,Immissionsschutz- & Störfallbeauftragter (§53/§58a BImSchG),BfU AG (Dr. Poppe),Betreuungsgesellschaft für Umweltfragen Dr. Poppe AG,https://bfu-ag.de,"Kassel, Hessen (+ 6 branch offices)",1976,EUR 10-20m,50-150,management/employee (AG with employee participation),yes,founder Dr. Werner A. Poppe now only Aufsichtsrats-Vorsitzender; operating board handed to Dr. Hillwig/Dr. Goldner – generational transition in progress,platform,90,verified,3,Private (non-listed) AG providing external Immissionsschutz/Störfall/Abfall officers across 7 German locations – largest independent-network candidate; founder stepped back to supervisory board.,https://bfu-ag.de/leistungen/beauftragte
Managed IT & Cybersecurity,Managed Compliance / vCISO & Continuous NIS2-ISO-27001-TISAX Monitoring,audatis Group,audatis Consulting GmbH (audatis Group GmbH),https://www.audatis.de/,Herford (Nordrhein-Westfalen),2012,EUR 2-5m,20-50,founder,yes,Sept 2025 move to dual leadership (founder Carsten Knoop + new shareholder/MD Sascha Knicker) - active governance/transition,platform,90,verified,4,Founder-owned Datenschutz + Informationssicherheit group with own audatis MANAGER ISMS software - platform candidate blending consulting retainers and recurring SaaS monitoring.,https://www.audatis.de/ueber-uns/unternehmensgeschichte
Managed IT & Cybersecurity,Managed Compliance / vCISO & Continuous NIS2-ISO-27001-TISAX Monitoring,SONNTAG IT Solutions,SONNTAG IT Solutions GmbH & Co. KG,https://www.sonntag-its.de/,Augsburg (Bayern),2019,EUR 3-8m,~50,management,yes,Simon Schönauer newly appointed MD (governance broadening beyond founders),platform,90,verified,3,Partner-owned Augsburg IT/compliance firm (~50 staff) affiliated with the SONNTAG Wirtschaftsprüfung group; ISO 27001 + external ISB - platform-scale but note WP-group ties before approach.,https://www.sonntag-its.de/iso-27001-zertifizierung/
Managed IT & Cybersecurity,External ISB / vCISO / ISMS-as-a-Service,NESEC,NESEC Gesellschaft für angewandte Netzwerksicherheit mbH,https://www.nesec.de/,"Eching (bei München), Bayern, DE",2002,EUR 2-8m,15-40,founder,yes,"founded 2002 (20+ years), founder-GF Christian H. Gresser",platform,90,verified,4,"Independent security house (ISO 27001 / TISAX / VdS 10000 + pentest + external ISO/ISB for SMEs); GmbH with founder-GF, strong Automotive/TISAX delivery capability to standardise.",https://www.nesec.de/en/services/external-information-security-officer/
Managed IT & Cybersecurity,External ISB / vCISO / ISMS-as-a-Service,Herold Unternehmensberatung,Herold Unternehmensberatung GmbH,https://www.hub24.de/,"Lübeck, Schleswig-Holstein, DE",,EUR 2-5m,~20,family,yes,family-run for 20+ years (Herold family; Philipp Herold active),platform,90,verified,4,"Family-run, explicitly independent data-protection/infosec/compliance advisory, ~20 staff, 400+ clients across Europe; external ISB + DSB one-stop, prime platform candidate.",https://www.hub24.de/informationssicherheit/externer-informationssicherheitsbeauftragter/
Managed IT & Cybersecurity,External ISB / vCISO / ISMS-as-a-Service,INES IT,INES AG,https://www.ines-it.de/,"Unterneukirchen, Bayern, DE",1989,EUR 5-15m,50-120,family,yes,founded 1989 by Willi Wiesenbauer; two-generation family business (Florian Wiesenbauer on board),platform,90,verified,4,Independent two-generation family IT house with dedicated external DSB/ISB & information-security consulting line; broad SME base in SE-Bavaria to cross-sell ISMS retainers.,https://www.ines-it.de/informationssicherheit/informationssicherheitsbeauftragter/
Medical & Healthcare,Sicherheitstechnische Kontrolle (STK) of Anlage-1 devices,STRUCK Medizintechnik GmbH Medical Concept,STRUCK Medizintechnik GmbH,https://www.struck-med.de,"Enger, Nordrhein-Westfalen",,EUR 3-8m,20-50,family,yes,"30+ years in business ('mittelständisches' family firm), long tradition -> ownership likely at transition age",platform,90,verified,4,"Established 30+yr regional full-service compliance firm (STK/MTK per §11 MPBetreibV incl. AED) serving practices, clinics and industry from one site - a natural anchor for a route-density roll-up.",https://www.struck-med.de/%C3%BCber-uns/
Medical & Healthcare,"Pharmacovigilance & drug-safety services (QPPV, PSUR, signal mgmt)",Diapharm,Diapharm GmbH & Co. KG,https://www.diapharm.com,"Münster, NRW",1988,EUR 10-20m,~100,family,yes,Founded 1988 by Dr. Stefan Sandner; now led by Dr. Thilo Sandner (2nd generation) - family-held KG with 4 partners,platform,90,verified,4,Broadest independent DACH/Benelux QPPV & local-safety network under one roof - natural anchor platform for a PV roll-up.  [Verify: broad pharma consultancy; total size likely above the EUR 1-30m SME band — PV is one line.],https://www.diapharm.com/en/product-areas/medicinal-products/pharmacovigilance/graduated-plan-officer
Medical & Healthcare,"Pharmacovigilance & drug-safety services (QPPV, PSUR, signal mgmt)",pharma services oehler,pharma services oehler gmbh,https://www.pharma-services.ch,"Wollerau, Schwyz (CH)",1997,EUR 2-5m,~20,founder,yes,Founder-owner Dr. Katharina Oehler-Tomamichel still runs the firm she started in 1997,platform,90,verified,4,Founder-led Swiss QA/regulatory/PV boutique (~20 staff) - solid CH beachhead with local QPPV capability for a DACH PV platform.,https://www.pharma-services.ch/en/about-us/company/
Medical & Healthcare,Sicherheitstechnische Kontrolle (STK) of Anlage-1 devices,HWV R. Blome GmbH,Hanseatische Wirtschafts- und Vertriebsgesellschaft für Ärztebedarf R. Blome GmbH,https://www.hwv-med.de,Bremen,,EUR 3-10m,20-50,family,yes,40-year company anniversary (owner-name firm R. Blome) -> founder likely at succession age,platform,90,verified,4,40-yr owner-name Bremen firm covering Norddeutschland (Bremen/Niedersachsen/Hamburg/SH) with STK/MTK/Röntgen QC device service - strong North-German platform hitting its own Nachfolge.,https://www.hwv-med.de/geraetemanagement
Medical & Healthcare,Messtechnische Kontrolle (MTK) of Anlage-2 measuring devices,4medic GmbH,4medic GmbH,https://4medic.de,"Windischeschenbach, Bayern (Standorte Nürnberg, Deggendorf, München)",,EUR 3-10m,20-50,founder,yes,"Founder-led (Berthold Schwägerl & Heribert Pfaffl), team ~23 yrs in the field",platform,90,verified,3,Inhabergeführter Komplettanbieter (Medizintechnik + EDV/TI + Geräteprüfung) with four Bavarian sites doing regular STK/MTK - multi-site platform with sticky practice relationships.,https://4medic.de/regelmaessige-geraetepruefung-medizintechnischer-geraete/
"Testing, Inspection & Certification",External Brandschutzbeauftragte / Fire-Safety Officer outsourcing,Attenberger GmbH,Attenberger GmbH - Fachbüro für Arbeitssicherheit und Umweltschutz,https://www.attenberger-gmbh.de/,"Passau, Bayern (+ Zweigstelle München)",,EUR 3-6m,~39,family,yes,"Owner-managed family firm (GF Frank Attenberger; Prokura Christine Attenberger, Gudrun Reinoß, Harald Mühlböck); >20 yrs in market",platform,90,verified,4,Established multi-service Arbeitssicherheit/Brandschutz/SiGeKo Fachbüro with own engineers and Betriebsarzt - could anchor a Southern-DE fire-safety-officer platform.,https://www.attenberger-gmbh.de/brandschutz/brandschutzbeauftragter/
"Testing, Inspection & Certification",External Brandschutzbeauftragte / Fire-Safety Officer outsourcing,B&K NRW-Arbeitsschutz GmbH & Co. KG,B&K NRW-Arbeitsschutz GmbH & Co. KG,https://www.nrw-arbeitsschutz.de/,"Hamm, NRW",,EUR 2-5m,20-50,family,yes,"Family-controlled (Blaszyk family; GF Sebastian Blaszyk & Thorsten Lepper, Komplementär B&K AGU Service GmbH by Astrid Blaszyk & Vera Kohler)",platform,90,verified,4,Ingenieurbüro for Arbeitssicherheit + external Brandschutzbeauftragter across NRW with own field FaSi team - regional consolidation anchor.,https://www.nrw-arbeitsschutz.de/externer-brandschutzbeauftragter/
"Testing, Inspection & Certification",Psychische Gefährdungsbeurteilung (psychological risk assessment),Carl-Korth-Institut,Carl-Korth-Institut Arbeits- und Gesundheitsschutz GmbH,https://www.carl-korth-institut.de,"Erlangen, Bayern",,EUR 5-15m,50-150,family,yes,family firm 30+ yrs; two Hubmann GDs (Max & Paul) suggest ongoing generational transition,platform,90,verified,4,Family-owned Bavaria-wide occupational-safety institute with an in-house betriebspsychologischer Dienst/GB-psych arm - regional platform with cross-sell base.,https://www.carl-korth-institut.de/arbeitspsychologie/gefaehrdungsbeurteilung-psychischer-belastungen-und-veraenderungsmanagement/betriebspsychologischer-dienst
Building & Facility Technical Services,Lightning Protection & Surge (Blitzschutz / Überspannungsschutz),Kransteiner Blitzschutz GmbH,Kransteiner GmbH,https://kransteiner.at/,"Wels, Oberösterreich (Niederlassungen Wien u. München/DE)",1948,EUR 5-10m,70,family,yes,"Seit 1948 im Besitz der Gründerfamilie; mehrere Familien-GF (Karl, Arno, Renate Kransteiner) - Generationenübergang relevant",platform,88,verified,4,"Größter AT-Familien-Kandidat: 3 Standorte (Wels/Wien/München), ~70 MA, eigene Materialproduktion + DE-Standbein - starker Plattform-Anker für DACH-Roll-up.",https://kransteiner.at/standorte/
Managed IT & Cybersecurity,Water / Wastewater Utility OT Security Monitoring,admeritia GmbH,admeritia GmbH,https://www.admeritia.de/,"Langenfeld (Rheinland), NRW, DE",2004,EUR 2-5m,20-40,founder,yes,"MD/owner Heiko Rudolph in role since founding (2004), 20-yr anniversary passed",platform,88,flagged,4,"Pure-play OT/ICS assessor (IEC 62443 / BSI-KritisV) — ideal platform to add a recurring industrial-SOC and cross-sell into water KRITIS under NIS2.  [Verify: Real founder-run (Heiko Rudolph, est. 2004) OT/ICS security firm, Langenfeld; broad OT security engineering/consulting, not a water/wastewater managed-SOC specialist https://www.admeritia.de/]",https://www.admeritia.de/
Managed IT & Cybersecurity,Managed Compliance / vCISO & Continuous NIS2-ISO-27001-TISAX Monitoring,Opexa Advisory,OPEXA Advisory GmbH,https://www.opexaadvisory.de/,Oberhaching bei München (Bayern); plus Zürich & Wien Präsenz,,EUR 1-5m,11-50,founder,yes,Founder Klaus Kilvinger positioned as 'Head of Advisory Board' with senior partners - generational/structure transition underway,platform,88,verified,4,Founder-led ISO 27001/TISAX/CISO-as-a-Service boutique with own software and DACH footprint - strong anchor platform for a compliance-as-a-service roll-up.,https://www.northdata.com/?id=6093480461860864
Medical & Healthcare,Messtechnische Kontrolle (MTK) of Anlage-2 measuring devices,MTK Service Zentrum GmbH (Medizin Technik Kirchknopf),MTK Service Zentrum GmbH,https://wp.mtk-service.com,"Bietigheim-Bissingen, Baden-Württemberg",1995,EUR 0.5-3m,5-20,founder,yes,"Founded 1995 by Günther Kirchknopf, still GF after ~30 years - founder ~60+, clear succession window",bolt-on,88,verified,4,"Long-standing founder-run inspection/repair firm (MTK/STK, infusion-device focus) near Stuttgart - textbook succession tuck-in.",https://wp.mtk-service.com/
Building & Facility Technical Services,Lightning Protection & Surge (Blitzschutz / Überspannungsschutz),Blitzschutzbau Geyer GmbH,Blitzschutzbau Geyer GmbH,https://www.geyer-blitzschutzbau.de/,"Hildesheim, Niedersachsen (2nd site Braunschweig)",,EUR 2-5m,25,family,yes,"Firma >50 Jahre alt, geführt von 3 Geschäftsführern - Generationenthema plausibel",bolt-on,85,verified,3,Etablierter Zwei-Standort-Fachbetrieb (Hildesheim/Braunschweig) mit >50 Jahren Historie - Nachfolge-/Wachstumsgespräch für Norddeutschland-Cluster.,https://www.geyer-blitzschutzbau.de/unser-team
Building & Facility Technical Services,Lightning Protection & Surge (Blitzschutz / Überspannungsschutz),Blitzschutzbau Leitner GmbH,Blitzschutzbau und Planungsbüro Leitner GmbH,https://www.blitzschutz-leitner.de/,"Darmstadt, Hessen (Standort Münster/Hessen)",,EUR 1-3m,10-25,family,yes,Familienbetrieb mit >30 Jahren Erfahrung,bolt-on,85,verified,3,Familiengeführter Fachbetrieb mit eigenem Planungsbüro; Schwerpunkt Hessen/RLP/BW - guter Tuck-in mit Planungs-Know-how.,https://www.blitzschutz-leitner.de/ueber_uns
Building & Facility Technical Services,Lightning Protection & Surge (Blitzschutz / Überspannungsschutz),Lösch Blitzschutzbau,Lösch GmbH & Co. KG Blitzschutzbau,https://www.loeschblitzschutzbau.de/,"Offenburg (Weier), Baden-Württemberg",1957,EUR 1-5m,15-40,family,yes,"Seit 1957, Gründer Gerhard Lösch führte bis 1988 - mehrgenerationaler Familienbetrieb",bolt-on,85,verified,3,Über 65 Jahre alter Familien-Fachbetrieb (Blitzschutz/Fundamenterdung/Prüfung) im Ortenaukreis - klassisches Nachfolge-/Konsolidierungsziel Südwest.,https://www.loeschblitzschutzbau.de/unternehmen/
Building & Facility Technical Services,Lightning Protection & Surge (Blitzschutz / Überspannungsschutz),Schneider Elektro + Blitzschutz GmbH,Schneider Elektro GmbH,https://www.schneider-blitzschutz.de/,"Bekond, Rheinland-Pfalz (Raum Trier)",1970,EUR 3-6m,40,family,yes,3. Generation (Nicolas Schneider seit 2019 im Betrieb) - Nachfolge eingeleitet,platform,85,verified,4,"Familienbetrieb in 3. Generation, kombiniert Elektrotechnik + Blitzschutz (40 MA) - potenzieller Ankerbetrieb für RLP/Saar mit Elektro-Prüfroute für Cross-Sell.",https://www.schneider-blitzschutz.de/ueber-uns/
Building & Facility Technical Services,Lightning Protection & Surge (Blitzschutz / Überspannungsschutz),Blitzschutz Däumling GmbH,Blitzschutz - Däumling GmbH,https://www.xn--dumling-5wa.de/,"Nördlingen, Bayern (Filialen Vöhringen, München, Kempten)",1919,EUR 2-5m,20-30,management,yes,"MBO 2015 (Sven Zigri übernahm vom früheren Chef) - Nachfolge kürzlich gelöst, junger Inhaber wachstumsoffen",bolt-on,85,verified,4,"Traditionsbetrieb (seit 1919, Blitzschutz seit 60ern) mit 4 Standorten in Süddeutschland und jungem MBO-Inhaber - Buy-and-build-Partner für Bayern/Schwaben.",https://www.xn--dumling-5wa.de/home/unternehmen/
Building & Facility Technical Services,Lightning Protection & Surge (Blitzschutz / Überspannungsschutz),Blitzschutzbau Rhein-Main Adam Herbert GmbH,Blitzschutzbau Rhein-Main Adam Herbert GmbH,https://rhein-main.blitzschutz.com/,"Aachen, NRW (2. Standort Trier, RLP)",1957,EUR 3-8m,20-45,family,yes,"Gründer Adam Herbert (1919-1998); Weiterführung durch Schwiegersohn Heinz-Josef Krämer - aging 2. Gen, Nachfolgethema",bolt-on,85,verified,3,"Zwei-Standort-Familienbetrieb (Aachen/Trier), Umsatzklasse bis EUR 10m, RAL-Blitzschutz-Fachbetrieb - solider Tuck-in mit West-/RLP-Abdeckung.",https://blitzschutz-aachen.de/das-unternehmen/
Environmental Services,Immissionsschutz- & Störfallbeauftragter (§53/§58a BImSchG),UMCO,UMCO GmbH,https://www.umco.de,Hamburg (+ Köln),1982,EUR 8-15m,~80,management,yes,40+ year old firm; 3 owners incl. geschäftsführender Gesellschafter Ulf Ch. Inzelmann,platform,85,verified,3,"Established chemicals/HSE-compliance house that also supplies external Immissionsschutz-, Störfall-, Abfall- & Gewässerschutzbeauftragte – strong cross-sell backbone; broader than pure niche.",https://www.umco.de/hse/externe-umweltbeauftragte.html
Environmental Services,Immissionsschutz- & Störfallbeauftragter (§53/§58a BImSchG),AVIATICS,AVIATICS GmbH & Co. KG,https://www.aviatics.de,Düsseldorf (+ Bensheim),,EUR 2-5m,10-40,founder,yes,owner-managed by Dipl.-Ing. Peter Arnold,platform,85,verified,3,"Two-site betriebliche-Sicherheit/Umweltschutz firm providing external Immissionsschutz-, Umweltschutz- & Abfallbeauftragte per BImSchG/5. BImSchV plus Arbeitssicherheit – broad bolt-on/platform.",https://www.aviatics.de/kompetenzen/umweltschutz/externer-immissionsschutzbeauftragter
Environmental Services,Immissionsschutz- & Störfallbeauftragter (§53/§58a BImSchG),U·V·M GmbH,U·V·M Umwelt · Verfahren · Management GmbH,https://uvm-gmbh.de,"Viersen, NRW",1998,EUR 1-3m,5-20,family,yes,founder-managed by öbuv Sachverständiger Helmut van Ool,bolt-on,85,verified,3,"Founder-led Genehmigungsmanagement + Beauftragtenwesen büro supplying legally-required Betriebsbeauftragte (Immissionsschutz, Störfall, Gewässerschutz, Abfall, Gefahrstoffe, Brandschutz) – multi-role tuck-in with permitting cross-sell.",https://uvm-gmbh.de/beauftragtenwesen
Environmental Services,Immissionsschutz- & Störfallbeauftragter (§53/§58a BImSchG),Umweltberatung Nückel,Umweltberatung Nückel GmbH,https://www.nueckel.de,"Wadersloh / Lippstadt, NRW",,EUR 1-3m,5-20,family,yes,family-run (Moritz Nückel & Ina Nückel),bolt-on,85,verified,3,Family Ingenieurbüro / Umweltgutachter offering external Immissionsschutz- & Störfallbeauftragte plus BImSchG-Genehmigungsverfahren – niche tuck-in with permitting pipeline.,https://www.nueckel.de/genehmigungsverfahren/genehmigungsverfahren/
Managed IT & Cybersecurity,Water / Wastewater Utility OT Security Monitoring,TWINSOFT GmbH & Co. KG,TWINSOFT GmbH & Co. KG,https://www.twinsoft.de/,Darmstadt / Ratingen,,EUR 5-15m,40-90,management,yes,"36+ years in business — long-established, potential ownership-transition window",platform,85,flagged,2,"Independent IT-security/IAM consultancy (36+ yrs) with a dedicated KRITIS IT/OT-security practice; broad enough to anchor a buy-and-build.  [Verify: broad IT/OT-security & biometrics provider, not water-OT-pure; confirm niche fit.]  [Verify: Real, active, independent (36 yrs, Ratingen, KG w/ Twinsoft Beteiligungs-GmbH as GP); does broad IT/OT security & identity mgmt, NOT specifically a water/wastewater-utility OT SOC - niche fit is a stretch. https://www.northdata.com/Twinsoft%20GmbH%20&%20Co%C2%B7%20KG%20Gesellschaft%20f%C3%BCr%20Softwareentwicklung,%20Ratingen/Amtsgericht%20Darmstadt%20HRA%2083001]",https://www.twinsoft.de/en/kritis-beratung-it-ot-security/
Managed IT & Cybersecurity,Water / Wastewater Utility OT Security Monitoring,de-bit Computer-Service GmbH,de-bit Computer-Service GmbH,https://www.de-bit.de/,"Gelnhausen, Hessen, DE (+ Mannheim, Leipzig)",,EUR 3-10m,30-70,family,yes,Founder Jörg Deusinger + next-gen Steffen Deusinger both in management since 2019 — active family succession underway,bolt-on,85,flagged,3,"Family-owned, BSI-listed IT systemhaus running KRITIS §8a water-sector audits; add recurring OT monitoring and cross-sell into its utility base.  [Verify: Real independent IT-Systemhaus/infosec firm (HRB 90706 Hanau, 25+ yrs, family), but the narrow water/wastewater-utility OT-security specialization is not specifically confirmed — general ISO27001/infosec/DSB. https://www.northdata.com/DE-Bit-Computerservice%20GmbH,%20Gelnhausen/Amtsgericht%20Hanau%20HRB%2090706]",https://www.de-bit.de/kritis/wasser/
Managed IT & Cybersecurity,Water / Wastewater Utility OT Security Monitoring,VIDEC Data Engineering GmbH,VIDEC Data Engineering GmbH,https://videc.de/,"Bremen, DE (6 sites)",1992,EUR 5-15m,40-80,management,yes,"Founded 1992 by five engineers — 30+ yrs, likely generational-transition candidate",platform,85,flagged,3,"Independent automation + OT-security house delivering IRMA attack-detection built to B3S Wasser/Abwasser (W1060/M1060); water-native integrator that could anchor a monitoring platform.  [Verify: Active independent Bremen firm (est. 1992) with OT-security/NIS2 products (ACRON/IRMA) used in water sector, but primarily a software vendor rather than a pure managed-SOC provider (https://videc.de/en/company/, https://www.northdata.com/VIDEC%20Data%20Engineering%20GmbH,%20Bremen/HRB%2014489)]",https://videc.de/en/products/irma/
Medical & Healthcare,Sicherheitstechnische Kontrolle (STK) of Anlage-1 devices,KS Medizintechnik Handels GmbH,KS Medizintechnik-Handels GmbH,https://www.ksmedizintechnik.de,"Felsberg, Hessen",1986,EUR 3-10m,20-50,family,yes,Founded 1986; GF incl. Edmund Trulley (senior) alongside Anna-Katharina Trulley -> visible generational handover in progress,platform,85,verified,4,Authorized independent technical service (STK of defibrillators/AED and Anlage-1 devices) with 35+yr history and a young next-gen GF already onboard - approach around the ongoing family transition.,https://www.ksmedizintechnik.de/info-service/ueber-uns/geschaeftsfuehrung/
Medical & Healthcare,EU-QPPV as a service,Bremer Pharmacovigilance Service (BPS),Bremer Pharmacovigilance Service GmbH,https://www.bps-bremen.eu,Bremen (DE),,EUR 1-5m,10-30,family,yes,"Founders Wolfgang Silber & Dr. Tankred Wegener; now run by next-generation family (Olivia Silber, Alexander Silber-Mankowsky)",bolt-on,85,verified,4,Family-owned Bremen specialist taking on both Stufenplanbeauftragter and QPPV roles; second-generation management is a natural succession/exit conversation.,https://www.bps-bremen.eu/dienstleistungen/stufenplanbeauftragter-qppv
Medical & Healthcare,Sicherheitstechnische Kontrolle (STK) of Anlage-1 devices,Medizintechnik Fritze GmbH,Medizintechnik Fritze GmbH,https://www.mtfritze.de,"Breuna, Hessen",1998,EUR 1-3m,10-25,founder,yes,"Founder-owner Holger Fritze running the firm since founding (1998, GmbH since 2001)",bolt-on,85,verified,4,Owner-led electromedical + Röntgen service doing STK (§12) and MTK (§15) plus manufacturer maintenance - clean founder-owned tuck-in in North Hesse.,https://mtfritze.de/Ueber-uns/Unternehmen/
Medical & Healthcare,Sicherheitstechnische Kontrolle (STK) of Anlage-1 devices,Erlen GmbH (MK Erlen),Erlen GmbH,https://mk-erlen.de,"Recklinghausen, Nordrhein-Westfalen",1978,EUR 3-10m,20-50,family,yes,"'inhabergeführtes Familienunternehmen', 45+ years in medical technology -> owner likely at succession age",bolt-on,85,verified,3,45+yr inhabergeführtes Familienunternehmen offering STK/medizintechnik-service alongside care-tech; STK is one service line - approach as family-owned bolt-on with legacy service base.,https://mk-erlen.de/ueber-uns/
Medical & Healthcare,Messtechnische Kontrolle (MTK) of Anlage-2 measuring devices,Medizintechnik Fritze GmbH (MT Fritze),Medizintechnik Fritze GmbH,https://www.mtfritze.de,"Breuna, Hessen",1998,EUR 1-3m,13,founder,yes,"Founded 1998 as sole proprietorship by Holger Fritze, GmbH since 2001 - founder still at helm",bolt-on,85,verified,4,"Founder-led firm (13 staff, 2025) doing STK, MTK and X-ray service; röntgen expertise adds a high-value niche - Nordhessen tuck-in.","https://www.mtfritze.de/Pruefungen-STK,-MTK,-DGUV/"
"Testing, Inspection & Certification",External Brandschutzbeauftragte / Fire-Safety Officer outsourcing,Brandschutzbüro Ullrich GmbH (BSBU),Brandschutzbüro Ullrich GmbH,https://bsbu.de/,"Düsseldorf, NRW",,EUR 1-3m,10-30,family,yes,Founder couple Wolfgang Ullrich and Petra Ullrich lead the firm - classic owner-succession candidate,bolt-on,85,verified,4,Nationwide external Brandschutzbeauftragter and Dozenten managing objects across 11 Bundesländer; founder-couple ownership makes it a clean succession/tuck-in.,https://www.bsbu.de/brandschutzbuero/index.html
"Testing, Inspection & Certification",Psychische Gefährdungsbeurteilung (psychological risk assessment),MTO Psychologische Forschung und Beratung,MTO Psychologische Forschung und Beratung GmbH,https://mto.de,"Tübingen, Baden-Württemberg",1994,EUR 5-10m,50-100,management,yes,"founded 1994, long-tenured GDs (Giray/Waschulewski) - potential succession angle at ~30-yr mark",platform,85,verified,4,Independent scientific consultancy with 65+ staff and 800+ evaluation projects; deep occupational-psychology bench to anchor a consolidation.,https://mto.de/unternehmen
Building & Facility Technical Services,Lightning Protection & Surge (Blitzschutz / Überspannungsschutz),Karnthaler Blitzschutzbau GmbH,Karnthaler Blitzschutzbau Gesellschaft m.b.H.,https://www.karnthaler-blitzschutzbau.at/,"Katzelsdorf / Wiener Neustadt, Niederösterreich (AT)",1993,EUR 1-3m,10-25,family,yes,Familienbetrieb in dritter Generation - Übergabethema latent,bolt-on,83,verified,3,"Familienbetrieb in 3. Generation, Abdeckung Wien/NÖ/Burgenland - Anker- oder Tuck-in-Kandidat für ein Ost-Österreich-Cluster.",https://www.karnthaler-blitzschutzbau.at/
Building & Facility Technical Services,Lightning Protection & Surge (Blitzschutz / Überspannungsschutz),EBI Erdung-Blitzschutz-Installationen GmbH,EBI Erdung-Blitzschutz-Installationen GmbH,https://www.ebi-blitzschutz.at/,"Hellmonsödt, Oberösterreich (AT)",1994,EUR 2-6m,21-50,founder,yes,"30-Jahr-Jubiläum 2024 - Reifephase, Nachfolge/Wachstum aktuell",bolt-on,83,verified,3,Österreichweit tätiger Erdungs-/Blitzschutzbetrieb (21-50 MA) mit 30-Jahr-Jubiläum - guter Tuck-in oder Sekundär-Anker in OÖ.,https://www.ebi-blitzschutz.at/30-jahre-ebi/
Managed IT & Cybersecurity,External ISB / vCISO / ISMS-as-a-Service,WK IT,WK IT GmbH,https://wk-it.com/,"Ingolstadt + Regensburg, Bayern, DE (aktiv in AT/DACH)",1987,EUR 10-30m,~100,management,yes,founded 1987 (35+ years),platform,83,flagged,3,"Independent IT house (GF Holger Imhof & Daniel Seitle, ~100 staff) with productised ISBaaS / vCISO line and TISAX/ISO 27001 capability, expanding across DACH incl. Austria; upper-band platform anchor.  [Verify: Real & 100% owner-managed (employee MBO by Imhof & Seitle), since 1987, Ingolstadt/Regensburg; offers ISBaaS/vCISO but is a broad systemhaus and EUR 10-30m band unverified. https://wk-it.com/cyber-security-services/vciso/]",https://wk-it.com/cyber-security-services/vciso/
Medical & Healthcare,EU-QPPV as a service,HWI pharma services,HWI pharma services GmbH,https://www.hwi-group.de,"Ruelzheim, Rhineland-Palatinate (DE)",1991,EUR 15-30m,150,family,yes,Founded 1991 by Dr. Stefan Wissel & Prof. Dr. Hanns Haeberlein; 30+ year old family-owned group,platform,83,flagged,3,"Family-owned, independent pharma-services group offering EU-QPPV within a broader analytics/PV portfolio; PV is one line, so approach for the QPPV capacity or as a broad platform.  [Verify: Active family-owned independent pharma-services group (est. 1991, ~150 staff, 3 sites); QPPV is only one line of a broad CRO/CDMO and size sits at/above top of band (https://www.hwi-group.de/en/company/hwi_group, https://www.northdata.com/HWI%20pharma%20services%20GmbH,%20R%C3%BClzheim/Amtsgericht%20Landau%20HRB%2021388)]",https://www.hwi-group.de/en/services/pharmacovigilance/pv-services
Medical & Healthcare,EU-QPPV as a service,DREHM Pharma,DREHM Pharma GmbH,https://drehm.at,Vienna (AT),,EUR 5-12m,50+,management / co-owner (Dr. Stefan Zohmann since 2021),yes,Ownership transferred in 2021 (Dr. Stefan Zohmann CEO & co-owner since 2021),platform,83,verified,4,"Austria's largest independent RA/PV consultancy (>50 staff), management-owned in three equal shares, taking (D)QPPV roles - a ready-made Austrian platform/entry point.",https://drehm.at/en/pharmacovigilance/
"Testing, Inspection & Certification",Psychische Gefährdungsbeurteilung (psychological risk assessment),IBG - Innovatives Betriebliches Gesundheitsmanagement,IBG Innovatives Betriebliches Gesundheitsmanagement GmbH,https://www.ibg.at,"Wien, AT",1995,EUR 15-25m,150-250,founder,yes,"founded 1995, long-standing MD Gerhard Klicka - large owner-managed firm nearing a generational/ownership transition",platform,83,flagged,3,"Austria's largest occupational-health consultancy with a full arbeitspsychologie/Evaluierung line - a sizeable AT anchor (upper end of the acquirable band; confirm ownership).  [Verify: Active Vienna occupational-health/safety group, founder-owned (Karazman 95% / Klicka 5%), does psych. Gefährdungsbeurteilung, but est. EUR 15-25m is near top of SME band and it is a leading AT occupational-health provider. https://www.firmenabc.at/ibg-innovatives-betriebliches-gesundheitsmanagement-gmbh_zKI]",https://www.ibg.at/
Environmental Services,Immissionsschutz- & Störfallbeauftragter (§53/§58a BImSchG),ECONOVA Ingenieure + Berater,Econova Ingenieure + Berater GmbH,https://econova.info,Viernheim / Mannheim (Rhein-Neckar),1995,EUR 2-5m,10-30,independent,yes,,platform,81,verified,4,"Anlagen-/Arbeitssicherheit + Umweltschutz house for the chemical industry that stellt external Abfall-, Gewässerschutz-, Immissionsschutz-, Störfall- & Brandschutzbeauftragte – multi-role provider in a chemical-cluster region.",https://econova.info/leistungen/beauftragte
Managed IT & Cybersecurity,Water / Wastewater Utility OT Security Monitoring,Achtwerk GmbH & Co. KG,Achtwerk GmbH & Co. KG,https://acht-werk.de/,"Bremen, DE",2015,EUR 1-4m,10-30,founder,yes,,platform,81,verified,5,Maker of the IRMA attack-detection appliance built explicitly to DVGW W 1060 / DWA M 1060 water/wastewater security standard — the most water-native independent asset; ideal platform/product core.,https://acht-werk.de/angebot/
Managed IT & Cybersecurity,Zahnarztpraxis-IT (Dental),Maximal Dental,Maximal Dental GmbH,https://www.maximaldental.de/,Bamberg / Bayern,2016,EUR 2-5m,20-50,founder,yes,,platform,81,flagged,4,"Founder-led (Kevin Schmitt) pure dental system/software house with 300-400 practices nationwide - broad enough to anchor a Dental-IT platform in the south.  [Verify: Active dental-IT systemhaus in Bamberg (400+ practices), but rapid MD churn (Kevin Schmitt→Nestmann 12/2024→Daniel Beck 01/2026) + purpose incl. 'Erwerb von Beteiligungen' in a heavily consolidated dental sector — founder-independence not confirmable. https://www.northdata.com/Maximal%20Dental%20GmbH,%20Bamberg/HRB%208862]",https://www.maximaldental.de/unternehmen
Managed IT & Cybersecurity,Zahnarztpraxis-IT (Dental),CSLonz (ComputerSysteme Lonz),CSLonz / ComputerSysteme Lonz,https://cslonz.de/zahnaerzte,Landau in der Pfalz / Rheinland-Pfalz,2006,EUR 2-5m,15-40,founder,yes,,platform,81,verified,3,"Founder-led (Emanuel Lonz) healthcare MSP (dental, medical, pharmacy, optics/acoustics) with DACH reach and IT-flatrate model - broad recurring base to anchor a roll-up.",https://cslonz.de/zahnaerzte
Managed IT & Cybersecurity,Zahnarztpraxis-IT (Dental),enodia IT für Zahnärzte,ENODIA Consult GmbH (enodia Gruppe),https://dental.enodia.de/,Hannover / Bremen / Niedersachsen,,EUR 2-5m,15-40,management,yes,,platform,81,verified,3,Owner-managed IT group (GF Marc Hanke) with a dedicated dental vertical plus software and legal verticals - could anchor or cross-sell a Dental-IT platform.,https://dental.enodia.de/impressum/
Managed IT & Cybersecurity,Managed Compliance / vCISO & Continuous NIS2-ISO-27001-TISAX Monitoring,Cortina Consult,Cortina Consult GmbH,https://cortina-consult.com/,Münster (Nordrhein-Westfalen),2012,EUR 1-5m,10-50,founder,yes,,platform,81,verified,4,"Founder-managed (Jörg ter Beek) data-protection + ISO 27001/TISAX consultancy, HRB Münster - broad SME base and brand to anchor a regional platform.","https://www.northdata.com/Cortina%20Consult%20GmbH,%20M%C3%BCnster/HRB%2013714"
Managed IT & Cybersecurity,Managed Compliance / vCISO & Continuous NIS2-ISO-27001-TISAX Monitoring,Althammer & Kill,Althammer & Kill GmbH & Co. KG,https://www.althammer-kill.de/,"Hannover (plus Düsseldorf, Mannheim)",2014,EUR 3-6m,~45,founder,yes,,platform,81,verified,4,Founder-led (Thomas Althammer & Niels Kill) ~45-person Datenschutz/Informationssicherheit firm across three cities - strong platform to consolidate regional ISB boutiques.,https://www.althammer-kill.de/unternehmen/ueber-uns
Managed IT & Cybersecurity,Managed Compliance / vCISO & Continuous NIS2-ISO-27001-TISAX Monitoring,omniIT,omniIT GmbH,https://www.omniit.de/,"Oberhaching (Raum München), Bayern",,EUR 3-10m,20-80,founder,yes,,platform,81,verified,3,Founder-led (Patryk Wlodarczyk) Munich MSSP combining managed security services with NIS2/ISO 27001/TISAX compliance consulting - could anchor a platform blending SOC and compliance-as-a-service.,https://firmeneintrag.creditreform.de/81369/8330518742/OMNIIT_GMBH
Managed IT & Cybersecurity,External ISB / vCISO / ISMS-as-a-Service,brandmauer IT GmbH,brandmauer IT GmbH,https://www.brandmauer.de/,"Bellheim, Rheinland-Pfalz, DE",,EUR 3-10m,30-60,founder,yes,,platform,81,verified,3,Independent owner-led Systemhaus offering ISB/ISMS-as-a-Service and ISO 27001 support to Mittelstand; convert one-off audits into monthly retainers.,https://www.brandmauer.de/it-security/informationssicherheitsbeauftragter
Managed IT & Cybersecurity,External ISB / vCISO / ISMS-as-a-Service,aigner business solutions,aigner business solutions GmbH,https://aigner-business-solutions.com/,"Hutthurm (bei Passau) + München, Bayern, DE",2013,EUR 3-8m,30-50,founder,yes,,platform,81,verified,5,"Founder-owned (Rainer Aigner, HRB 9103 Passau) DSB + external ISB + ISMS/ISO 27001 consultancy, 30+ staff across two sites, bundesweit/international clients; could anchor a Bavarian buy-and-build.",https://aigner-business-solutions.com/standort-hutthurm/
Medical & Healthcare,MVZ & practice-group external DSB (ambulatory),frag.hugo,frag.hugo Informationssicherheit GmbH,https://www.fraghugo.de/,Hamburg,2013,EUR 1-3m,10-30,founder,yes,,platform,81,flagged,4,"Founder-run legal-tech with 200+ mandates incl. Arztpraxen/MVZ from EUR79/mo; ideal subscription-DSB anchor with cross-sell of ISMS/IT-security.  [Verify: Real founder-owned Hamburg DSB firm (est 2013, Oehmichen/Hagel), but a generalist low-cost KMU DSB (ab 79€/Mo), not an MVZ/healthcare specialist — niche fit is loose. https://www.fraghugo.de/externer-datenschutzbeauftragter-hamburg-fuer-unternehmen/]",https://www.fraghugo.de/externer-datenschutzbeauftragter-arztpraxen/
Medical & Healthcare,MVZ & practice-group external DSB (ambulatory),OPTI health consulting,OPTI health consulting GmbH,https://www.opti-hc.de/,"Karby, Schleswig-Holstein",2006,EUR 3-8m,20-60,founder,yes,,platform,81,verified,4,"Since 2006 advises dentists; external DSB in 200+ practices and QM/hygiene supplier to 2,000+ Zahnarztpraxen - strong dental-DSB platform with large installed base.",https://www.opti-hc.de/datenschutz-in-der-zahnarztpraxis-externe-datenschutzbeauftragte
Medical & Healthcare,Clinical engineering / MedTech maintenance (STK/MTK),Kamedtech Medizintechnik GmbH,Kamedtech Medizintechnik GmbH,https://www.kamedtech.de/,"Halberstadt, Sachsen-Anhalt (Harz)","2006 (GbR), 2010 (GmbH)",EUR 2-5m,~32,founder,yes,,platform,81,verified,5,"Bundesweit tätiger, herstellerunabhängiger STK/MTK/DGUV-V3-Prüf- und Reparaturbetrieb mit ~32 Mitarbeitern - solider Ankerbaustein für Ostdeutschland/Harz",https://www.kamedtech.de/
Medical & Healthcare,"Pharmacovigilance & drug-safety services (QPPV, PSUR, signal mgmt)",VigiPRO,VigiPRO® GmbH,https://vigipro.de,"Wuppertal, NRW",2019,EUR 1-3m,10-20,founder,yes,,platform,81,verified,4,"Modern pure-play PV house (human + veterinary PV, IT/digital PV) with two owner-MDs - a clean core to build a PV platform around.",https://vigipro.de/en/
Medical & Healthcare,EU-QPPV as a service,CSO Pharma,CSO Pharma Consulting GmbH,https://www.cso-pharma.eu,"Munich, Bavaria (DE)",2010,EUR 1-5m,10-30,founder,yes,,platform,81,verified,4,Founder-led (Dr. Silke Ostermann) boutique acting as EU-QPPV and Stufenplanbeauftragter (Sec 63a AMG) for MAHs worldwide - a clean anchor for a QPPV roll-up.,https://www.cso-pharma.eu/en/about-us/about-us.html
Medical & Healthcare,EU-QPPV as a service,Dr. Ebeling & Assoc.,Dr. Ebeling & Assoc. GmbH,https://www.ebeling-assoc.com,Hamburg (DE),2005,EUR 3-10m,30-80,founder,yes,,platform,81,verified,4,"Founder-led (Dr. med. Leonardo Ebeling) CSO providing QPPV/PSMF and PV/GCP services since 2005 - established, broad-based platform candidate in Hamburg.",https://www.ebeling-assoc.com/en/qualified-person-for-pharmacovigilance/
Medical & Healthcare,EU-QPPV as a service,SCRATCH Pharmacovigilance,SCRATCH Pharmacovigilance GmbH & Co. KG,https://www.scratch-pv.com,"Butzbach, Hesse (DE)",,EUR 3-8m,30,management,yes,,platform,81,verified,4,"Pure-play PV/vigilance house (~30 staff) whose partners personally take QPPV and Stufenplanbeauftragter mandates - a focused, on-thesis platform anchor.",https://www.scratch-pv.com/main-indications/qppv-and-graduated-plan-officer/?lang=en
Medical & Healthcare,Sicherheitstechnische Kontrolle (STK) of Anlage-1 devices,AUROSAN GmbH,AUROSAN GmbH,https://aurosan.de,"Essen, Nordrhein-Westfalen (sites Berlin, Nordwalde, Leipzig, Radebeul)",,EUR 10-30m,50-150,management,yes,,platform,81,flagged,3,"Management-owned (MBO ex-UCB Pharma) medium-sized medtech service group already consolidating regional firms (RÖSCH, POST/HKT, Herrmann) with STK/MTK/DGUV V3 - a ready-made multi-site platform (or competing consolidator to watch).  [Verify: Active independent GmbH (HRB 24458, single shareholder), Essen; core is ultrasound device sales with STK/MTK service as a segment, size near top of band https://www.northdata.com/Aurosan%20GmbH,%20Essen/HRB%2024458]",https://aurosan.de/de/technischer-service
Medical & Healthcare,Messtechnische Kontrolle (MTK) of Anlage-2 measuring devices,BAU Medizintechnik GmbH,BAU Medizintechnik GmbH (BAU Unternehmensgruppe; vormals Medical Büro für Arbeit und Umwelt Service GmbH),https://bau-medizintechnik.com,"Remscheid, NRW",2000,EUR 2-8m,20-50,management,yes,,platform,81,verified,3,Owner-managed BAU Gruppe (>35 specialists) combining medical Arbeitsschutz with MTK/STK/electrical testing - broad platform base in NRW.,https://bau-medizintechnik.com/leistungen/messtechnische-kontrollen/
Medical & Healthcare,Messtechnische Kontrolle (MTK) of Anlage-2 measuring devices,Voss Medizintechnik GmbH (Rimamed / Medias Res),Voss Medizintechnik GmbH,https://www.vossmed.de,"Schenefeld, Schleswig-Holstein",,EUR 1-5m,10-30,founder,yes,,platform,81,verified,4,Owner-led (Tom-Sebastian Voss) cardio-diagnostic service specialist; already acquired the 40-yr RIMAMED brand in 2015 - STK/MTK for EKG/ergometer/audiometer/defibrillators makes a strong northern platform.,https://www.vossmed.de/unternehmen-2.html
Medical & Healthcare,Messtechnische Kontrolle (MTK) of Anlage-2 measuring devices,Promedia Medizintechnik A. Ahnfeldt GmbH,Promedia Medizintechnik A. Ahnfeldt GmbH,https://www.promedia-med.de,"Siegen, NRW (Standorte u.a. Leverkusen, Celle, Erfurt, Dresden, Frankfurt, Gilching)",1981,EUR 5-20m,50-150,family,yes,,platform,81,verified,4,Family-owned (Christine & Dirk Ahnfeldt) national supplier with ~9 regional service offices doing STK/MTK/Instandhaltung per MPBetreibV - strong buy-and-build platform with a ready branch network.,https://www.promedia-med.de/geraetemanagement-mpbetreibv-stk-mtk-instandhaltungen/
"Testing, Inspection & Certification",External Brandschutzbeauftragte / Fire-Safety Officer outsourcing,NEPTUN Umwelt- und Arbeitsschutz Ingenieur GmbH,"NEPTUN Umwelt- und Arbeitsschutz, Ingenieur GmbH",https://www.neptun-u-a.de/,"Taufkirchen, Bayern (+ Niederlassung Hamburg/Winsen)",,EUR 2-5m,20-50,founder,yes,,platform,81,verified,4,"Engineer-led owner firm (GF M. Goder) serving 400+ clients / 20,000+ employees with external Brandschutzbeauftragter across Bayern and Norddeutschland - broad recurring base.",https://www.neptun-u-a.de/brandschutzbeauftragter-hamburg
"Testing, Inspection & Certification",External Brandschutzbeauftragte / Fire-Safety Officer outsourcing,Endreß Ingenieurgesellschaft mbH (Endreß Brandschutz),Endreß Ingenieurgesellschaft mbH,https://endress-brandschutz.de/,"Bad Homburg, Hessen",,EUR 12-25m,170+,family,yes,,platform,81,flagged,3,"One of the larger independent (Endreß family) full-service Brandschutz houses with dedicated external Brandschutzbeauftragte team and multiple sites - a potential platform anchor at the top of the SME band.  [Verify: Active independent Brandschutz engineering firm (Bad Homburg HRB 15700, 30+ yrs, multi-branch) offering external Brandschutzbeauftragte; size near top of band (est 12-25m) and scope is broader fire-protection engineering. https://endress-brandschutz.de/leistungen/organisatorischer-brandschutz/brandschutzbeauftragte]",https://endress-brandschutz.de/leistungen/organisatorischer-brandschutz/brandschutzbeauftragte
"Testing, Inspection & Certification",External Brandschutzbeauftragte / Fire-Safety Officer outsourcing,123Ingenieure GmbH,123Ingenieure GmbH,https://123ingenieure.de/,"Kalletal, NRW",,EUR 2-5m,20-50,family,yes,,platform,81,verified,4,"Nationwide Ingenieurbüro (GF brothers Jan Niklas & Tim Lukas Duell) covering Arbeitssicherheit, Arbeitsmedizin and external Brandschutzbetreuung with digital customer portal - scalable platform.",https://123ingenieure.de/brandschutzbeauftragter/
"Testing, Inspection & Certification",Psychische Gefährdungsbeurteilung (psychological risk assessment),youCcom,youCcom GmbH,https://youccom.de,"Essen, NRW",,EUR 1-3m,10-30,founder,yes,,platform,81,verified,4,Founder-led SaaS covering the full GB-psych value chain (committee to effectiveness control) - a credible software anchor for a buy-and-build.,https://youccom.de/gefaehrdungsbeurteilung-psychischer-belastung/
"Testing, Inspection & Certification",Psychische Gefährdungsbeurteilung (psychological risk assessment),IFBG (Institut für Betriebliche Gesundheitsberatung),Institut für Betriebliche Gesundheitsberatung GmbH (IFBG),https://www.ifbg.eu,"Konstanz, Baden-Württemberg",2013,EUR 3-7m,30-50,founder,yes,,platform,81,verified,4,"University spin-off, GB-psych pioneer running 150+ survey projects/yr - strong anchor to convert one-off surveys into recurring re-assessment contracts.",https://www.ifbg.eu/ueber-uns/
"Testing, Inspection & Certification",Psychische Gefährdungsbeurteilung (psychological risk assessment),Die GesundheitsManager (gesundheitsmanagement24),Die GesundheitsManager BGM GmbH,https://www.gesundheitsmanagement24.de,Berlin,2003,EUR 2-5m,20-50,management,yes,,platform,81,verified,3,20+ yrs of GB-psych delivery with own validated questionnaires (BGM-Gesundheitsmonitor) and multiple standorte - service platform ripe to add recurring re-assessment.,https://www.gesundheitsmanagement24.de/analysen/gefaehrdungsbeurteilung-psychische-belastungen/
Environmental Services,Immissionsschutz- & Störfallbeauftragter (§53/§58a BImSchG),INGUS,INGUS Ingenieurbüro für Umweltschutz und Sicherheit GmbH,https://ingus-gmbh.de,"Kämpfelbach, Baden-Württemberg",2023,EUR 1-3m,5-20,management,yes,GmbH founded 2023 as reorganisation of a predecessor Einzel-Ingenieurbüro with long-time employees (Früh/Reiling) – succession/handover just executed,bolt-on,80,flagged,3,"Recently incorporated successor of an older BW Umweltschutz/Sicherheit Ingenieurbüro; provides external Immissionsschutz-/Störfallbeauftragte – young legal entity, established client base.  [Verify: Real (HRB 748586 Mannheim), management-owned (Reiling/Früh), in-niche BImSchG permitting/officers; but newly founded 2023 so stated EUR 1-3m size unconfirmed. https://www.companyhouse.de/INGUS-Ingenieurbuero-fuer-Umweltschutz-und-Sicherheit-GmbH-Kaempfelbach]",https://ingus-gmbh.de/ingenieurbuero-fuer-umweltschutz-und-sicherheit/
Managed IT & Cybersecurity,Zahnarztpraxis-IT (Dental),medianetx,MediaNetX GmbH,https://medianetx.de/,Detmold / NRW,,EUR 1-3m,10-25,management,yes,Managing directorship handed to Jerome Pieper (b. 1999) effective June 2024 - recent generational/ownership change worth probing.,bolt-on,80,verified,3,Dental/orthodontic-focused systemhouse in OWL; the very young new GF (2024) signals a fresh transition - good moment to discuss capital/partnership.,https://medianetx.de/ueber-uns-support/
Medical & Healthcare,"Pharmacovigilance & drug-safety services (QPPV, PSUR, signal mgmt)",Dr. Notghi Contract Research,Dr. Notghi Contract Research GmbH,https://www.notghi.com,Berlin,,EUR 4-6m,~14,founder,yes,Owner-MD Arman Notghi; 25 yrs operating history,bolt-on,80,verified,3,Founder-owned Berlin CRO with 20+ yr PV/drug-safety service line - PV carve-in or full tuck-in adding clinical-trial safety.,https://www.notghi.com/pharmakovigilanz
Medical & Healthcare,Messtechnische Kontrolle (MTK) of Anlage-2 measuring devices,Junghanns GmbH,Junghanns GmbH,https://www.junghannsgmbh.de,"Hengersberg (Landkreis Deggendorf), Bayern",,EUR 1-5m,10-30,family,yes,Owner-managed by Peter Junghanns,bolt-on,80,verified,3,"Family firm bundling Arbeitssicherheit, Brandschutz and medical technology with mess- & sicherheitstechnische Kontrolle - cross-sell base in Niederbayern.",https://www.junghannsgmbh.de/Leistungen/Mess-Sicherheitstechnische-Kontrolle/
"Testing, Inspection & Certification",External Brandschutzbeauftragte / Fire-Safety Officer outsourcing,SWL-Brandschutz GmbH,SWL-Brandschutz GmbH,https://www.swl-brandschutz.de/,"Barsinghausen / Algermissen (Raum Hannover/Hildesheim), Niedersachsen",,EUR 1-3m,10-30,management,yes,"Recently converted GbR (Schmidt, Wendorff & Lang) to GmbH in 2024 amid growth - build-up phase",bolt-on,80,verified,4,"Partner-owned (4 GF: Lopez Muñoz, Henke, Wendorff, Lang) fire-safety firm offering external Brandschutzbeauftragter; young GmbH keen to scale - partnership/roll-in candidate.",https://www.swl-brandschutz.de/externer-brandschutzbeauftragter/
Managed IT & Cybersecurity,Water / Wastewater Utility OT Security Monitoring,Limes Security GmbH,Limes Security GmbH,https://limessecurity.com/,"Hagenberg, Oberösterreich, AT (+ DE sites)",2012,EUR 2-5m,20-40,founder,yes,,platform,79,flagged,4,"Austrian owner-managed OT-security specialist explicitly serving water & wastewater KRITIS — strong DACH platform for NIS2/NISG 2026 wave.  [Verify: Real independent OT-security specialist (Hagenberg AT, founded 2012, >20 experts); serves water/wastewater but is broad OT consulting/assessment, not a dedicated water-utility SOC 'monitoring' service. https://limessecurity.com/en/about-us/]",https://limessecurity.com/en/ot-security-management/
Managed IT & Cybersecurity,Water / Wastewater Utility OT Security Monitoring,ALSEC Cyber Security Consulting AG,ALSEC Cyber Security Consulting AG,https://alsec.ch/,"Kaisten, Aargau, CH",2019,EUR 1-4m,10-30,founder,yes,,platform,79,flagged,4,"Founder-owned Swiss OT-security specialist for critical infrastructure/EVU with its own SCADA test-lab; the Swiss anchor for a DACH OT-monitoring roll-up.  [Verify: Real & founder-owned (2019, Kaisten AG; Lenzin/Amsler) OT/ICS security firm, but focus is energy/industrial audit-training-consulting, not managed SOC monitoring and not water/wastewater-specific; young/small. https://alsec.ch/]",https://alsec.ch/en/about-us
Managed IT & Cybersecurity,Managed Compliance / vCISO & Continuous NIS2-ISO-27001-TISAX Monitoring,TECHWAY,TECHWAY GmbH,https://www.techway.ch/,Zürich (Schweiz),2017,EUR 1-5m,10-40,founder,yes,,platform,79,verified,3,Founder/CEO-owned (Kris Kormany) Zürich enterprise cybersecurity firm with CISO-as-a-Service and ISO 27001 compliance - could anchor the Swiss leg of a DACH compliance platform.,https://techway.ch/en/imprint/
Medical & Healthcare,"Pharmacovigilance & drug-safety services (QPPV, PSUR, signal mgmt)",regenold,regenold GmbH,https://regenold.com,"Titisee-Neustadt, Baden-Württemberg",1994,,50-100,founder,yes,Independent since 1994; founder Dr. Maximilian Regenold still eponymous owner/MD,platform,79,flagged,4,"30-year founder-led end-to-end regulatory/clinical/PV house - a scaled independent that could anchor or bolt into a PV platform.  [Verify: Active founder-owned regulatory/CRO/pharmacovigilance firm (est. 1994, Titisee-Neustadt), in-niche, but 100+ staff multinational — at/above top of SME size band. https://www.regenold.com/about.html]",https://www.regenold.com/pharmacovigilance.html
"Testing, Inspection & Certification","Work Equipment & PPE Inspection (Ladders, Racking, PSA against falls)",KFK Konrad GmbH / KFK Torservice & Safety Prüfservice GmbH,KFK Konrad GmbH,https://www.pruefservice.de,"Reichertshofen / Baar-Ebenhausen, Bayern",,,,founder,yes,"'over 30 years' of inspection activity - founder-era business, plausible succession horizon",platform,79,verified,4,Established multi-line Prüfservice (racking + door systems + electrical UVV) with 30+ yrs history and its own KFK repair brand - strong Bavarian anchor with recurring UVV routes to bolt PSA/ladder onto.,https://www.pruefservice.de/impressum/
"Testing, Inspection & Certification",External Brandschutzbeauftragte / Fire-Safety Officer outsourcing,STEINHOFER Ingenieure GmbH,Steinhofer Ingenieure GmbH,https://www.steinhofer.group/,"Regensburg, Bayern (+ St. Johann in Tirol, AT)",2007,EUR 2-5m,~30,founder,yes,,platform,79,verified,4,"Founder-built Brandschutz Ingenieurbüro (~30 experts, DE+AT sites) with external Brandschutzbeauftragter/-management and own software arm (SystemConsult) - cross-border platform potential.",https://www.steinhofer.group/
"Testing, Inspection & Certification",External Brandschutzbeauftragte / Fire-Safety Officer outsourcing,Brandschutzprofi GmbH,Brandschutzprofi GmbH,https://brandschutzprofi.at/,"Bruck an der Leitha, Niederösterreich (AT)",2014,EUR 1-3m,10-30,founder,yes,,platform,79,verified,4,"Founder-led (Gerd Greigeritsch, 2014) AT firm pushing digitalised Brandschutzprüfung and external Brandschutzbeauftragter across Wien/NÖ/Burgenland - tech-forward platform for the Austrian market.",https://brandschutzprofi.at/services/externer-brandschutzbeauftragter/
Building & Facility Technical Services,Lightning Protection & Surge (Blitzschutz / Überspannungsschutz),Blitzableiterbau Heim,Karlheinz Heim Blitzableiterbau GmbH,https://www.heim-blitz.de/,"Eimeldingen, Baden-Württemberg (Raum Basel/Lörrach)",1960,EUR 1-3m,20,management,yes,MBO/Übergabe 2014 an GF Michael Rhein + Mirko Faller - Nachfolge vollzogen; Expansion in die Schweiz 2017,bolt-on,78,verified,4,"Etablierter Fachbetrieb im Dreiländereck mit eigener CH-Tochter (Blitzschutz K. Heim GmbH, Stein AG) - grenzüberschreitender Tuck-in mit DE+CH-Zugang.",https://www.heim-blitz.de/impressum-blitzableiterbau-heim/
Building & Facility Technical Services,Lightning Protection & Surge (Blitzschutz / Überspannungsschutz),Oö. Blitzschutzgesellschaft m.b.H. (BLS),BLS-Oö. Blitzschutz Gesellschaft m.b.H.,https://www.blitz-ooe.at/,"Linz, Oberösterreich (AT)",1951,EUR 2-6m,15-40,independent,yes,Sehr lange Historie (seit 1951) - Alterung/Nachfolge plausibel (unbestätigt),bolt-on,78,verified,2,"Traditionsreiches OÖ-Kompetenzzentrum (seit 1951) mit Technischem Büro für Elektrotechnik/Brandschutz, ISO 9001 - Anker/Tuck-in mit Ingenieur-Kompetenz; Eigentum verifizieren.",https://www.blitz-ooe.at/ueber-uns/
Environmental Services,Immissionsschutz- & Störfallbeauftragter (§53/§58a BImSchG),UMS Umweltmanagement Strelow (UM&S),Umweltmanagement Strelow GmbH,https://www.um-s.eu,"Großbeeren, Brandenburg",,EUR 1-2m,5-15,founder,yes,founder-run by Stefan Strelow,bolt-on,78,verified,3,Founder-led Berlin/Brandenburg provider of external Störfall-/Immissionsschutz-/Abfall-/Gefahrgutbeauftragter – existing target; clean single-owner tuck-in.,https://www.um-s.eu/dienstleistungen/externer-beauftragter/externer-stoerfall-immissionsschutzbeauftragter
Environmental Services,Immissionsschutz- & Störfallbeauftragter (§53/§58a BImSchG),BEUB (Bernd Eisfeld Unternehmensberatung),BEUB Bernd Eisfeld Unternehmensberatung GmbH,https://www.beub.de,Hamburg,2006,EUR 1-2m,5-15,founder,yes,founder-owned by Bernd Eisfeld (est. 2006),bolt-on,78,verified,3,"Independent nationwide Umweltschutz consultancy providing external Immissionsschutz-, Störfall-, Energie- & Gewässerschutzbeauftragte – clean owner-led tuck-in.",https://www.beub.de/beauftragtenwesen.html
"Testing, Inspection & Certification",External Brandschutzbeauftragte / Fire-Safety Officer outsourcing,Arbeitssicherheit Schöndienst GmbH (AS Schöndienst),Arbeitssicherheit Schöndienst GmbH,https://www.as-schoendienst.de/,"Hüfingen, Baden-Württemberg",2014,EUR 1-2m,10-25,founder,yes,Fast-growing founder firm (Martin Schöndienst) that just incorporated to GmbH (01/2025) - growth/build-up candidate rather than exit,bolt-on,78,flagged,4,"Founder-built Ingenieurbüro acting as external Brandschutzbeauftragter and FaSi in the Schwarzwald/BW region; recently converted GbR->GmbH signalling scale ambition.  [Verify: Real founder-run firm (Hüfingen, Martin Schöndienst) offering external Brandschutzbeauftragte/Arbeitssicherheit; caveat: started 2014 as one-man engineering office, only converted to GmbH 01.01.2025, small size. https://www.as-schoendienst.de/ueber-uns/]",https://www.as-schoendienst.de/brandschutz/brandschutzbeauftragter/
Medical & Healthcare,"Pharmacovigilance & drug-safety services (QPPV, PSUR, signal mgmt)",PharmaContext,PharmaContext GmbH,https://pharmacontext.ch,"Baar (Zug), Switzerland",2004,,10-30,founder,yes,Grew from a 2004 start-up to a leading CH services provider - founder-era ownership,platform,77,verified,3,Established Swiss registration/QA/PV/market-access firm providing outsourced PV responsible person - strong CH platform candidate.,https://pharmacontext.ch/en/pharmacovigilance/
Building & Facility Technical Services,Lightning Protection & Surge (Blitzschutz / Überspannungsschutz),Victoria Blitzschutz GmbH,Victoria Blitzschutz GmbH,https://victoria-blitzschutz.de/,"Dortmund-Bodelschwingh, Nordrhein-Westfalen",2001,EUR 1-3m,10-25,management,yes,,bolt-on,76,verified,3,Inhabergeführter Blitzschutz-/Erdungs-/Überspannungsschutzbetrieb im Ruhrgebiet - regionaler Tuck-in für ein NRW-Cluster.,https://victoria-blitzschutz.de/ueber-uns/
Building & Facility Technical Services,Lightning Protection & Surge (Blitzschutz / Überspannungsschutz),Blitzschutzbau VON DER VENN GmbH,Blitzschutzbau VON DER VENN GmbH,https://blitzschutzbau-bbv.de/,"Rösrath / Hürth, Nordrhein-Westfalen (Sitz Köln)",,EUR 1-3m,10-25,family,yes,,bolt-on,76,verified,3,Blitzschutz-Spezialist für Region Köln/Bonn/Westerwald mit zweitem Standort Windhagen - regionaler Tuck-in.,https://blitzschutzbau-bbv.de/ueber-uns/
Building & Facility Technical Services,Lightning Protection & Surge (Blitzschutz / Überspannungsschutz),MS Blitzschutz GmbH,MS Blitzschutz GmbH,https://www.blitzschutz-ms.de/,"Aspach, Baden-Württemberg (Rems-Murr-Kreis)",1980,EUR 1-3m,10-25,family,yes,,bolt-on,76,verified,3,Mittelständischer regionaler Familien-Meisterbetrieb mit Blitzschutz + Überspannungsschutz + PV/Elektro - passt in ein Stuttgart-Cluster mit PV-Cross-Sell.,https://www.blitzschutz-ms.de/
Environmental Services,Immissionsschutz- & Störfallbeauftragter (§53/§58a BImSchG),QUM Consult,QUM Consult GmbH,https://qum-consulting.de,Hamburg,1993,EUR 1-3m,5-20,management,yes,,bolt-on,76,verified,3,Hamburg consultancy explicitly offering the external Immissionsschutzbeauftragter (§53 BImSchG) mandate – clean niche tuck-in.,https://qum-consulting.de/externer-beauftragter-fuer-immissionsschutz/
Environmental Services,Immissionsschutz- & Störfallbeauftragter (§53/§58a BImSchG),bregau,bregau GmbH & Co. KG,https://www.bregau.de,Bremen,,EUR 1-3m,10-30,family (Schrübbers),yes,,bolt-on,76,verified,4,"Independent Arbeits-/Umweltschutz firm providing external Immissionsschutz-, Abfall- & Gewässerschutzbeauftragte plus training – known niche player (existing target), broad officer catalogue.",https://www.bregau.de/dienstleistungen/betriebsbeauftragter-immissionsschutz.html
Environmental Services,Immissionsschutz- & Störfallbeauftragter (§53/§58a BImSchG),proenvi,proenvi Gesellschaft für Umweltberatung mbH,https://www.proenvi.de,"Solingen, NRW",1995,EUR 1-3m,5-20,management,yes,,bolt-on,76,flagged,3,"Nationwide Umweltberatung (Abfall/Entsorgung core) that also fields external Immissionsschutz-/Störfallbeauftragte – existing target; GF Annette Zech, since 1995.  [Verify: Real, independent Solingen consultancy (HRB 16361, MD A. Zech) but core focus is Abfall/waste consulting & training; Immissionsschutzbeauftragter is a training offering, not clearly a core outsourcing service. https://www.northdata.com/proenvi%20Gesellschaft%20f%C3%BCr%20Umweltberatung%20mbH,%20Solingen/Amtsgericht%20Wuppertal%20HRB%2016361]",https://www.proenvi.de/infos/Infos_Immissionsschutzbeauftragter_Stoerfallbeauftragter_auf_Grundlage_BImschG.php
Environmental Services,Immissionsschutz- & Störfallbeauftragter (§53/§58a BImSchG),Ingenieurbüro Mayr,Ingenieurbüro Mayr GmbH,https://www.ing-mayr.de,"Ennepetal, NRW (+ Bonn/Düsseldorf)",2005,EUR 1-3m,5-20,family,yes,,bolt-on,76,verified,3,"Family-run management-systems + Beauftragtenwesen büro fielding external Immissionsschutz-, Gewässerschutz- & Umweltschutzbeauftragte across three NRW locations.",https://www.ing-mayr.de/beauftragtentaetigkeiten/immissionsschutz-beauftragter/
Environmental Services,Immissionsschutz- & Störfallbeauftragter (§53/§58a BImSchG),SPHÄRA,SPHÄRA Gesellschaft für Umweltschutz und Arbeitssicherheit mbH,https://www.sphaera.de,"Rottenburg am Neckar, Baden-Württemberg",1990,EUR 1-3m,5-20,independent,yes,,bolt-on,76,verified,3,"Umweltschutz/Arbeitssicherheit + Messtechnik firm providing external Abfall-, Immissionsschutz- & Gefahrgutbeauftragte – adds in-house measurement capability to a platform.",https://www.sphaera.de/externe-beauftragte
Managed IT & Cybersecurity,Water / Wastewater Utility OT Security Monitoring,Avatio GmbH,AVATIO GmbH (formerly Business Change GmbH),https://avatio.de/,"Rodgau, Hessen, DE",,EUR 1-3m,10-30,management,yes,,bolt-on,76,flagged,3,"Management-owned KRITIS IT/OT-security & PMO firm; recent rebrand (Business Change to AVATIO, Dec 2024) signals a growth/repositioning moment — good tuck-in.  [Verify: Real independent (MDs Münstermann/Hansmann, HRB 50442, ex Business Change GmbH) in KRITIS/OT security, but advisory/consulting rather than a managed SOC; water sub-niche not specifically confirmed. https://avatio.de/impressum]",https://avatio.de/
Managed IT & Cybersecurity,Water / Wastewater Utility OT Security Monitoring,Yekta IT GmbH,Yekta IT GmbH,https://yekta-it.de/,"Dortmund, NRW, DE (+ Berlin)",,EUR 1-3m,10-20,founder,yes,,bolt-on,76,verified,4,Self-styled 'independent' IT/OT security house (pentests + SOC) with hands-on water-sector KRITIS experience; family-run (Yekta) tuck-in for a monitoring platform.,https://yekta-it.de/ueber-uns
Managed IT & Cybersecurity,Water / Wastewater Utility OT Security Monitoring,INCYDE industrial cyber defense GmbH,INCYDE industrial cyber defense GmbH,https://incyde.com/,"Berlin, DE",2016,EUR 1-4m,10-30,management,yes,,bolt-on,76,flagged,3,"Industrial cyber-defense boutique doing OT risk assessments & KRITIS audits (rail/power/IoT); add water-utility monitoring. Ownership via shareholder agreement — confirm independence in diligence.  [Verify: Active Berlin OT/ICS & KRITIS cyber firm (HRB 183851 B, 5 shareholders, independent) but the specific water/wastewater sub-niche is not confirmed and firm is small/early-stage. https://www.northdata.com/INCYDE%20industrial%20cyber%20defense%20GmbH,%20Berlin/Amtsgericht%20Charlottenburg%20(Berlin)%20HRB%20183851%20B]",https://incyde.com/about-us
Managed IT & Cybersecurity,Water / Wastewater Utility OT Security Monitoring,Concepture GmbH,Concepture GmbH (Concepture Gruppe GmbH),https://www.concepture.de/,"Bühl / Köln, DE",2001,EUR 1-3m,10-20,founder,yes,,bolt-on,76,verified,3,"Independent 'holistic security' consultancy (~14 staff, 20+ yrs) with a dedicated water-industry KRITIS practice (cyber + physical/CER) — founder-led (Manuel Bohe) tuck-in.",https://www.concepture.de/en/industry/security-in-the-water-industry/
Managed IT & Cybersecurity,Water / Wastewater Utility OT Security Monitoring,Cypurge GmbH,Cypurge GmbH,https://cypurge.com/,DE,,EUR 1-3m,5-20,founder,yes,,bolt-on,76,flagged,3,"Founder-led cyber/OT-security firm (Dr. Gregor Krah) building a KRITIS OT practice (ALSEC partnership) — capacity/geography bolt-on into the water-utility monitoring theme.  [Verify: Real, independent OT/cyber security consultancy addressing KRITIS incl. water/energy (OT partner Alsec CH); young/small, SME revenue unconfirmed. https://cypurge.com/ot-security/]",https://cypurge.com/ueber-uns/
Managed IT & Cybersecurity,Zahnarztpraxis-IT (Dental),SCHAFFLHUBER DENTAL-SYSTEMHAUS,SCHAFFLHUBER DENTAL-SYSTEMHAUS GmbH & Co. KG,https://www.dental-systemhaus.de/,Salem (Bodensee) / Baden-Württemberg,1999,EUR 1-3m,10-30,founder,yes,,bolt-on,76,verified,4,"Pure dental-IT house, owner Carsten Schafflhuber, 300+ practices/clinics in southern Germany - strong Bodensee/BW footprint to complement a northern anchor.",https://www.dental-systemhaus.de/praxis-edv/
Managed IT & Cybersecurity,Zahnarztpraxis-IT (Dental),JPLOY (it-zahnarzt.de),JPLOY GmbH,https://www.it-zahnarzt.de/,München / Bayern,2022,EUR 1-3m,5-20,founder,yes,,bolt-on,76,flagged,3,"Owner-managed (Alfred Mayer, Sebastian Schmaus) dental-IT / TI managed-services provider in Munich - young, growth-stage tuck-in for a Bavaria cluster.  [Verify: Real founder-run dental-practice IT provider (Munich), in-niche; caveat: only founded 2022, likely at/below bottom of SME size band. https://www.jploy.com/]",https://www.jploy.com/
Managed IT & Cybersecurity,Zahnarztpraxis-IT (Dental),ITmedical,ITmedical GmbH & Co. KG,https://www.itmedical.de/,Lindern (Oldenburg) / Niedersachsen,,EUR 1-3m,10-25,family,yes,,bolt-on,76,verified,3,"Owner/family-run (Holger van der Kolk) IT house for dentists/orthodontists/MKG in NW-Germany - clean GmbH & Co. KG structure, easy carve-in for a northern platform.",https://www.itmedical.de/
Managed IT & Cybersecurity,Zahnarztpraxis-IT (Dental),BS2 Systemhaus,BS2 Systemhaus GmbH,https://bs2-computer.de/branchenloesungen/aerzte-zahnaerzte/,Boppard / Koblenz / Rheinland-Pfalz,,EUR 3-6m,30-60,founder,yes,,bolt-on,76,flagged,2,"Founder-led (Benedikt Seuss) systemhouse, 30+ staff, certified dental/medical TI provider - multi-vertical but sizeable dental base; note not dental-pure.  [Verify: Real independent IT-Systemhaus (MD Benedikt Seuss, Boppard/Koblenz), but a general multi-vertical systemhaus; dental is only one of several verticals, not a dental-IT specialist. https://bs2-computer.de/]",https://bs2-computer.de/branchenloesungen/aerzte-zahnaerzte/
Managed IT & Cybersecurity,Managed Compliance / vCISO & Continuous NIS2-ISO-27001-TISAX Monitoring,DATUREX,DATUREX GmbH,https://informationssicherheitsbeauftragter-dresden.de/,"Dresden (Sachsen), bundesweit",2012,EUR 1-3m,10-30,independent,yes,,bolt-on,76,flagged,4,"Interdisciplinary ISB/DSB practice with 500+ mandates selling continuous ISO 27001/KRITIS/NIS2 monitoring 'ab 300 EUR/Monat' - recurring-revenue book ideal to convert into monthly monitoring contracts.  [Verify: Active independent GmbH (est 2012, Dresden) doing external ISB/NIS2/TISAX/ISMS; low entry pricing (ab 300 €/Mo) suggests it may sit at/below SME floor. https://informationssicherheitsbeauftragter-dresden.de/services/]",https://informationssicherheitsbeauftragter-dresden.de/
Managed IT & Cybersecurity,Managed Compliance / vCISO & Continuous NIS2-ISO-27001-TISAX Monitoring,InShield Consulting,InShield Consulting GmbH,https://inshield.de/,Süsel bei Lübeck (Schleswig-Holstein),,EUR 1-3m,10-30,founder,yes,,bolt-on,76,verified,4,Founder-led (Rolf Zobel) TISAX/ISO 27001 specialist with 250+ audits since 2017 - strong automotive-supply-chain compliance niche to bolt on.,https://inshield.de/impressum/
Managed IT & Cybersecurity,Managed Compliance / vCISO & Continuous NIS2-ISO-27001-TISAX Monitoring,Holzhofer Consulting,Holzhofer Consulting GmbH,https://www.holzhofer-consulting.de/,München (Bayern),2011,EUR 1-3m,10-30,founder,yes,,bolt-on,76,verified,4,"Munich boutique (since 2011) for external DSB + ISB, ISO 27001/TISAX prep with 100% audit pass record - clean tuck-in with loyal SME retainer base.",https://www.holzhofer-consulting.de/informationssicherheitsbeauftragter/
Managed IT & Cybersecurity,Managed Compliance / vCISO & Continuous NIS2-ISO-27001-TISAX Monitoring,IT-Security@Work (ISW),IT-Security@Work GmbH,https://isw-online.de/,"Mörfelden-Walldorf (Hessen, Rhein-Main)",,EUR 1-5m,10-50,management,yes,,bolt-on,76,verified,4,"Owner-managed (Dirk Rauschenbach & Dr. Patrick Theobald) Rhein-Main specialist for information security, IT risk & compliance - regional ISB book to tuck in.",https://isw-online.de/impressum/
Managed IT & Cybersecurity,Managed Compliance / vCISO & Continuous NIS2-ISO-27001-TISAX Monitoring,mabs4.0 (mabs Compliance),mabs4.0 Deutschland GmbH,https://mabs-compliance.de/,Heiligenhaus (NRW; zuvor Düsseldorf),2017,EUR 1-3m,10-30,founder,yes,,bolt-on,76,verified,3,"Owner-managed (Eric Schneider) SME cybersecurity/ISO 27001/TISAX/NIS2 consultancy - itself ISO-27001 certified, automotive roots - regional NRW tuck-in.",https://www.companyhouse.de/Mabs40-Deutschland-GmbH-Heiligenhaus
Managed IT & Cybersecurity,Managed Compliance / vCISO & Continuous NIS2-ISO-27001-TISAX Monitoring,Kämmer Consulting,Kämmer Consulting GmbH,https://www.kaemmer-consulting.de/,Braunschweig (Niedersachsen),2002,EUR 2-6m,20-60,family,yes,,bolt-on,76,verified,3,"Established (2002) consulting/training firm with 6 shareholders that added Informationssicherheit (ISO 27001/TISAX, accredited auditors) in 2022 - carve-in of its growing infosec/ISB practice.","https://www.northdata.com/K%C3%A4mmer%20Consulting%20GmbH,%20Braunschweig/HRB%209019"
Managed IT & Cybersecurity,External ISB / vCISO / ISMS-as-a-Service,datiq,datiq GmbH,https://www.datiq.de/,"Langen (bei Frankfurt), Hessen, DE",,EUR 1-3m,10-25,management,yes,,bolt-on,76,verified,4,Owner-managed DSB + ISMS + external ISB + ISO 27001 / VDA-ISA (TISAX) advisory with cooperation partners in Lübeck/Hamburg and Dresden; GF Christian Seehafer; convert TISAX projects into ISB retainers.,https://www.datiq.de/informationssicherheit/leistungen/support-fuer-iso-27001-vda-isa-tisax
Managed IT & Cybersecurity,External ISB / vCISO / ISMS-as-a-Service,varISO,varISO GmbH,https://variso.de/,"Mainz, Rheinland-Pfalz, DE",2019,EUR 1-3m,10-25,founder,yes,,bolt-on,76,verified,4,Founder/shareholder-led (Dr. Jan Christoph Munck-Rieder) ISO-27001/ISMS consultancy for Mittelstand + municipalities; strong public-sector/Kommunal channel (variso-kommunal.de) to bundle NIS2 retainers.,https://variso.de/informationssicherheit-iso-27001/
Managed IT & Cybersecurity,External ISB / vCISO / ISMS-as-a-Service,SECURAM Consulting,SECURAM Consulting GmbH,https://securam-consulting.com/,"Hamburg, DE",2012,EUR 1-4m,10-25,founder,yes,,bolt-on,76,verified,4,"Founder-/owner-managed (Nadine Eibel, 20+ yrs experience) ISMS/ISO 27001 + BCM boutique in Hamburg, 30+ ISMS projects; add ISB retainer layer.",https://securam-consulting.com/ueber-uns-securam-consulting/
Medical & Healthcare,Clinical engineering / MedTech maintenance (STK/MTK),ComService GmbH,ComService GmbH,https://comservice-ffo.de/,"Frankfurt (Oder), Brandenburg (Büro Berlin)",,EUR 1-5m,~17,management,yes,,bolt-on,76,flagged,4,"Regionaler IT-/Medizintechnik-Dienstleister für Praxen/MVZ, der STK+MTK neu ins Angebot aufgenommen hat - Ost-Brandenburg-Abdeckung, Cross-Sell-Potenzial  [Verify: Active independent practice/MVZ-IT firm (Frankfurt Oder) that recently added certified STK/MTK; in-niche but device-inspection is an adjacent add-on to core IT business, and serves practices not hospitals. https://comservice-ffo.de/mtk-stk-messtechnische-und-sicherheitstechnische-kontrolle-bei-comservice/]",https://comservice-ffo.de/mtk-stk-messtechnische-und-sicherheitstechnische-kontrolle-bei-comservice/
Medical & Healthcare,Sicherheitstechnische Kontrolle (STK) of Anlage-1 devices,Reinhold Medizintechnik GmbH,Reinhold Medizintechnik GmbH,https://www.reinhold-medizintechnik.de,"Arnsberg-Neheim, Nordrhein-Westfalen",2011,EUR 1-3m,10-25,founder,yes,,bolt-on,76,verified,3,"Founder Markus Reinhold's Schulung-Service-Vertrieb firm does STK, inspections, maintenance and refurbished sales - owner-operated tuck-in in Südwestfalen.",https://www.reinhold-medizintechnik.de/unternehmen/ueber-uns.html
Medical & Healthcare,Messtechnische Kontrolle (MTK) of Anlage-2 measuring devices,Butz Medizintechnik GmbH,Butz Medizintechnik GmbH,https://butz-medizintechnik.de,"Köln, NRW",2023,EUR 1-5m,10-30,founder,yes,,bolt-on,76,flagged,4,"Owner-run (Tobias Butz) firm doing MTK, STK, DGUV-V3, maintenance & repair on-site in Köln/Aachen/Düsseldorf/Bonn plus nationwide mail-in - dense Rhineland bolt-on.  [Verify: Real founder-run GmbH (Köln, HRB 113540, MD Tobias Butz) doing exact MTK/STK per MPBetreibV; caveat: only founded Jan 2023 with 25k capital, likely below stated EUR 1-5m band. https://butz-medizintechnik.de/MTK-STK-Wartung-und-Pruefung-von-Medizinprodukten]",https://butz-medizintechnik.de/MTK-STK-Wartung-und-Pruefung-von-Medizinprodukten
Medical & Healthcare,EU-QPPV as a service,MIT Gesundheit,MIT Gesundheit GmbH,https://www.mit-gesundheit.com,"Kleve, North Rhine-Westphalia (DE)",,EUR 1-5m,10-30,independent,yes,,bolt-on,76,verified,3,"Owner-managed consultancy appointing legally required persons per AMG - Informationsbeauftragter (Sec 74a), Stufenplanbeauftragter (Sec 63a) and EU-QPPV - a bilateral local-representative tuck-in.",https://www.mit-gesundheit.com/pharmacovigilance/?lang=en
Medical & Healthcare,EU-QPPV as a service,THE FORCE,THE FORCE CT GmbH,https://the-force.com,"Heidenheim a.d. Brenz, Baden-Wuerttemberg + Berlin (DE)",,EUR 1-5m,10-40,independent,yes,,bolt-on,76,flagged,3,"ISO-9001 certified 'QPPV-as-a-Service' provider (Heidenheim/Berlin/Porto) explicitly productising the QPPV function - directly on-thesis; confirm ownership on approach.  [Verify: Real, independent PV/regulatory firm Heidenheim (legal name THE FORCE CT GmbH), QPPV-as-a-service; young/small, size unconfirmed. https://the-force.com/qppv-as-a-service/]",https://the-force.com/qppv-as-a-service/
Medical & Healthcare,EU-QPPV as a service,Dr. Haney Pharma,Dr. Haney Pharma GmbH,https://haney-pharma.de,"Wackerow bei Greifswald, Mecklenburg-Vorpommern (DE)",2013,EUR 1-4m,10-30,founder,yes,,bolt-on,76,verified,4,Founder/CEO Dr. Jeanette Haney runs a PV+RA house serving SMEs with in-house Stufenplanbeauftragte and QPPVs - a rentable-QPPV tuck-in in the underserved north-east.,https://haney-pharma.de/pharmakovigilanz/stufenplanbeauftragter
Medical & Healthcare,Sicherheitstechnische Kontrolle (STK) of Anlage-1 devices,Vermed-Tec C + W Vertriebs GmbH,Vermed-Tec C + W Vertriebs GmbH,https://www.vermed-tec.de,"Reutlingen (Betzingen), Baden-Württemberg",,EUR 2-5m,11-50,management,yes,,bolt-on,76,flagged,3,"Independent BW service firm serving many clinics/practices with repair, inspection and maintenance of EKG/lung-function/ergometry devices per MPBetreibV - regional density play in the Stuttgart/Reutlingen area.  [Verify: Active independent Reutlingen GmbH (3 managers) offering STK inspections, but core business is medical/orthopedic device wholesale; STK is a secondary service line (https://firmeneintrag.creditreform.de/72770/7270224075/VERMED_TEC_C_W_VERTRIEBS_GMBH)]",https://firmeneintrag.creditreform.de/72770/7270224075/VERMED_TEC_C_W_VERTRIEBS_GMBH
Medical & Healthcare,Sicherheitstechnische Kontrolle (STK) of Anlage-1 devices,Jürgen Koch Medizinprodukte KG,Jürgen Koch Medizinprodukte KG,https://www.koch-medprodukte.de,"Bad Ems, Rheinland-Pfalz",2006,EUR 1-5m,10-30,founder,yes,,bolt-on,76,verified,3,"Founder-run KG whose technicians do on-site STK/maintenance of anaesthesia machines, monitors and defibrillators for practices and clinics - owner-operated bolt-on in RLP.",https://www.koch-medprodukte.de/service.html
Medical & Healthcare,Sicherheitstechnische Kontrolle (STK) of Anlage-1 devices,Kollbeck Medizintechnik e.K.,Kollbeck Medizintechnik e.K.,https://www.kollbeck-mt.de,"Ottendorf-Okrilla, Sachsen",,EUR 1-3m,5-20,founder,yes,,bolt-on,76,flagged,2,"Owner (Tobias Kollbeck) e.K. supplying and servicing medical devices (incl. syringe/infusion pumps, monitoring) for GPs, dialysis, care and rescue in Saxony - eastern-German bolt-on (STK offering to be confirmed).  [Verify: Real independent owner-run e.K. (Tobias Kollbeck since 2008, roots 1978, Ottendorf-Okrilla) doing STK/MTK/DGUV3; small and operates as B.Braun/Aesculap service partner but not a subsidiary. https://www.kollbeck-mt.de/]",https://www.kollbeck-mt.de/
Medical & Healthcare,Messtechnische Kontrolle (MTK) of Anlage-2 measuring devices,MTR - Medizin-Technik GmbH,MTR - Medizin-Technik GmbH,https://www.mtr-medizintechnik.de,"Reutlingen, Baden-Württemberg",,EUR 1-5m,10-30,management,yes,,bolt-on,76,flagged,3,"Reutlingen-area practice-service firm doing STK/MTK/validation/repair; member of the Co-med Fachhändler-Verbund (cooperative, not PE-owned) - independently owned regional bolt-on.  [Verify: Active Reutlingen firm offering MTK/STK per MPBetreibV, but core business is medical-supplies retail/distribution (20,000+ products); inspection is an ancillary service line. https://www.mtr-medizintechnik.de/]",https://www.co-med.de/mtr-gmbh/ueber-uns/
Medical & Healthcare,Messtechnische Kontrolle (MTK) of Anlage-2 measuring devices,HWV Medizintechnik,HWV Medizintechnik (Bremen),https://www.hwv-med.de,Bremen,,EUR 1-5m,10-30,independent,yes,,bolt-on,76,flagged,2,"Northern-German Gerätemanagement partner (STK/MTK, BGV-A3, X-ray QC) covering Bremen/Niedersachsen/Hamburg/SH plus a medtech shop - regional density bolt-on; verify ownership.  [Verify: Active independent Bremen medtech supplier/service doing STK/MTK across Bremen/Niedersachsen/Hamburg; in-niche but legal form and revenue not fully confirmable. https://www.hwv-med.de/geraetemanagement]",https://www.hwv-med.de/geraetemanagement
Medical & Healthcare,Messtechnische Kontrolle (MTK) of Anlage-2 measuring devices,HMS Medizintechnik Bauer GmbH,HMS Medizintechnik Bauer GmbH,https://hms-mtk.de,"Bötzingen, Baden-Württemberg",,EUR 1-5m,10-30,family,yes,,bolt-on,76,verified,3,"Family firm (GF Valentin Bauer) specialised in ultrasound devices/leasing plus MTK/STK service; Co-med Verbund member (cooperative, not PE-owned) - southwest bolt-on with ultrasound niche.",https://hms-mtk.de/
"Testing, Inspection & Certification",External Brandschutzbeauftragte / Fire-Safety Officer outsourcing,ProSafeCon,ProSafeCon GmbH,https://prosafecon.de/,"Düsseldorf, NRW",,EUR 1-3m,10-30,independent,yes,,bolt-on,76,verified,2,Brand covering external Brandschutzbeauftragter across all major DE metros incl. hospital specialism; verify legal entity/ownership before approach.,https://prosafecon.de/externer-brandschutzbeauftragter/
"Testing, Inspection & Certification",External Brandschutzbeauftragte / Fire-Safety Officer outsourcing,Haniga GmbH,Haniga GmbH (Hanseatische Ingenieurgesellschaft für Arbeitsschutz),https://www.haniga.de/,"Appel (Raum Hamburg), Niedersachsen",,EUR 1-3m,10-30,independent,yes,,bolt-on,76,verified,3,Independent Ingenieurgesellschaft for Arbeitsschutz/Brandschutz serving external Brandschutzbeauftragter roles across Niedersachsen and Hamburg metro - regional tuck-in.,https://www.haniga.de/arbeitssicherheit/brandschutz-externer-brandschutzbeauftragter-niedersachsen-hamburg-2/
"Testing, Inspection & Certification",External Brandschutzbeauftragte / Fire-Safety Officer outsourcing,Brandschutz Jäger GmbH,Brandschutz Jäger GmbH,https://www.brandschutz-jaeger.de/,"Eschweiler, Nordrhein-Westfalen",,EUR 1-3m,10-30,independent,yes,,bolt-on,76,verified,2,"Owner-managed GmbH taking on external Brandschutzbeauftragter mandates (concepts, training, authority inspections); confirm HQ/ownership before outreach.",https://www.brandschutz-jaeger.de/leistung/brandschutzbeauftragter
"Testing, Inspection & Certification",External Brandschutzbeauftragte / Fire-Safety Officer outsourcing,Lange Brandschutz,LANGE Brandschutz GmbH,https://www.lange-brandschutz.de/,"Laatzen, Niedersachsen",,EUR 1-3m,10-30,independent,yes,,bolt-on,76,flagged,2,"Provider fielding VdS-trained external Brandschutzbeauftragte and Brandschutzkonzepte; verify legal entity and ownership before approach.  [Verify: Confirmed active LANGE Brandschutz GmbH (HRB 216109 Hannover), Laatzen; external Brandschutzbeauftragter, independent — but SME size unconfirmed https://www.northdata.com/LANGE%20Brandschutz%20GmbH,%20Laatzen/Amtsgericht%20Hannover%20HRB%20216109]",https://www.lange-brandschutz.de/de/brandschutzbeauftragter/
"Testing, Inspection & Certification",Psychische Gefährdungsbeurteilung (psychological risk assessment),systemkonzept,systemkonzept Gesellschaft für Systemforschung und Konzeptentwicklung mbH,https://www.systemkonzept.de,"Köln, NRW",2001,EUR 1-3m,10-30,management,yes,,bolt-on,76,verified,3,Independent Cologne research/consulting/training house with an established GB-psych practice - a competence-heavy tuck-in.,https://www.systemkonzept.de/impressum/
"Testing, Inspection & Certification",Psychische Gefährdungsbeurteilung (psychological risk assessment),FFAW (Freiburger Forschungsstelle für Arbeitswissenschaften),Freiburger Forschungsstelle für Arbeitswissenschaften GmbH (FFAW),https://www.ffaw.de,"Freiburg, Baden-Württemberg",,EUR 2-5m,15-40,management,yes,,bolt-on,76,verified,4,"Owner-managed home of the German COPSOQ instrument (2,200+ projects, 800k+ respondents) - a strategically valuable methodology/data tuck-in for a validated-survey anchor.",https://www.ffaw.de/
"Testing, Inspection & Certification",Psychische Gefährdungsbeurteilung (psychological risk assessment),AMAS Health and Safety,AMAS Health and Safety GmbH,https://amas-hs.de,"Nienburg / Bremen, Niedersachsen",2011,EUR 1-4m,15-40,founder,yes,,bolt-on,76,verified,3,Independent occupational-safety firm delivering GB-psych via its own PROSOMAS GmbH subsidiary - regional tuck-in in NW Germany.,https://amas-hs.de/gefaehrdungsbeurteilung-psychische-belastung/
"Testing, Inspection & Certification",Psychische Gefährdungsbeurteilung (psychological risk assessment),ZAGS Dresden,ZAGS Zentrum für Arbeit und Gesundheit Sachsen GmbH,https://www.zags-dresden.de,"Dresden, Sachsen",2001,EUR 1-3m,10-30,management,yes,,bolt-on,76,verified,2,Dresden arbeitspsychologie team offering scientifically based GB-psych - eastern-Germany regional tuck-in (verify legal entity/ownership).,https://www.zags-dresden.de/arbeitspsychologie/
"Testing, Inspection & Certification",Psychische Gefährdungsbeurteilung (psychological risk assessment),G&S Team Hamburg,G&S Gesundheit und Sicherheit für Betriebe GmbH,https://gs-team-hamburg.de,Hamburg,,EUR 1-3m,10-30,independent,yes,,bolt-on,76,verified,2,Hamburg provider of arbeitspsychologie/betriebspsychologische Beratung including GB-psych - northern-Germany regional tuck-in (verify ownership/independence).,https://gs-team-hamburg.de/leistungen/arbeitspsychologie/betriebspsychologische-beratung/
Medical & Healthcare,MVZ & practice-group external DSB (ambulatory),INTEGRITY,"INTEGRITY Gesellschaft fuer Datenschutz, Geldwaeschepraevention und Compliance mbH",https://integrity.gmbh/,"Aachen, NRW",2019,,5-20,management,yes,Continued the practice previously run by Dr. Eric Heitzer (business transferred 2021) - itself an example of DSB-Nachfolge,platform,74,flagged,3,"Owner-managed Datenschutz/Compliance GmbH with dedicated Gesundheitsdatenschutz line (Praxen/MVZ/Kliniken) - broader platform with healthcare vertical.  [Verify: Real, managing-shareholder-owned (Dr. Eric Heitzer, HRB 22709, incorporated 2019); healthcare-focused external DSB for MVZ/hospitals/Pflege, but small and revenue unconfirmed. https://www.integrity-pflege.de/]",https://integrity.gmbh/gesundheitsdatenschutz
Medical & Healthcare,Clinical engineering / MedTech maintenance (STK/MTK),GRAF Medizintechnik GmbH,GRAF Medizintechnik GmbH,https://www.graf-mt.de/,"Bentwisch (Landkreis Rostock), Mecklenburg-Vorpommern",1990,,,family,yes,Gründer Holger Graf übergab nach 30+ Jahren im April 2023 die Führung an Philipp Graf und Chris Wagner - laufender Generationenwechsel,bolt-on,74,flagged,3,"Seit 1990 in Rostock; frisch vollzogene Nachfolge - Anknüpfungspunkt für Wachstumskapital/Konsolidierung im norddeutschen Raum (Schwerpunkt Intensiv-/Homecare, mit STK/MTK)  [Verify: Real, active MedTech-service firm Bentwisch (Rostock), founded 1990; family-led but leadership transitioned 2023 to Philipp Graf + non-family co-MD Chris Wagner. https://www.graf-mt.de/]",https://www.graf-mt.de/impressum
Medical & Healthcare,Clinical engineering / MedTech maintenance (STK/MTK),Medi-Tech GmbH,Medi-Tech GmbH,https://medi-tech-gmbh.de/,"Eching, Bayern",1982,,,family,yes,"Gegründet 1982, in zweiter Generation geführt - >40 Jahre; Nachfolgethema in der Familie",bolt-on,74,verified,4,"Etablierter Servicebetrieb (Reparatur/Wartung/Prüfung/STK) für Kliniken, Reha und Praxen im Großraum München - familiär geführt, guter süddeutscher Tuck-in",https://medi-tech-gmbh.de/ueber-medi-tech/
Medical & Healthcare,Clinical engineering / MedTech maintenance (STK/MTK),SDL (Medizintechnik Lippe),Medizintechnik Lippe Vertriebs-GmbH / SDL GmbH & Co. KG,https://www.medizintechnik-lippe.de/,"Detmold, NRW (OWL)",1994 (SDL),,,family,yes,"Seit ~30 Jahren am Markt (Praxisbedarf), Servicetochter SDL seit 1994 - langjähriger regionaler Familienbetrieb",bolt-on,74,verified,3,Rechtssichere Wartung/STK/MTK/Prozessvalidierung mit Technikereinsatz in OWL/NRW/Niedersachsen - regionaler Fachhändler-Servicebetrieb als Tuck-in,https://www.medizintechnik-lippe.de/service/
Medical & Healthcare,Clinical engineering / MedTech maintenance (STK/MTK),MK Erlen (Erlen GmbH),Erlen GmbH,https://mk-erlen.de/,"Raum Recklinghausen/Marl, NRW",,,,family,yes,"Inhabergeführt (GF Christian Erlen), Namensbetrieb",bolt-on,74,verified,3,"Herstellerunabhängiger technischer Service inkl. STK, ISO 9001+13485, mit Pflege-/Medizintechnik und Leasing - Ruhrgebiet-Tuck-in (STK-Fokus verifizieren)",https://mk-erlen.de/sicherheitstechnische-kontrolle/
Medical & Healthcare,"Pharmacovigilance & drug-safety services (QPPV, PSUR, signal mgmt)",ENTOURAGE,Entourage GmbH,https://theentourage.de,"München, Bayern",2013,EUR 20-40m,200+,founder,yes,,platform,74,flagged,2,"Founder-owned (Haucke/Aumer) pharma-consulting group with a distinct PV/QPPV-on-demand cluster; size at upper end of band - verify PV-line carve-out fit.  [Verify: Active founder-led Munich pharma CRO (QPPV/PV/GVP, clinical trials); real & in-niche but stated EUR 20-40m is near/above SME ceiling and unconfirmed https://theentourage.de/en/expertise/qppv-services/]",https://theentourage.de/en/expertise/qppv-services/
Medical & Healthcare,"Pharmacovigilance & drug-safety services (QPPV, PSUR, signal mgmt)",Pharma Resources (PHARES),Pharma Resources GmbH,https://www.pha-res.com,"Hameln, Niedersachsen",1991,,10-30,independent,yes,"30+ year-old firm (founded 1991) - founder-era generation, likely succession horizon",bolt-on,74,verified,3,Long-established independent regulatory-affairs & PV services provider with dedicated PV/QPPV team - mature tuck-in; confirm ownership.,https://services.pha-res.com/en/pharmacovigilance-service
Medical & Healthcare,Sicherheitstechnische Kontrolle (STK) of Anlage-1 devices,Reavita AG,Reavita AG,https://reavita.ch,"Zürich, CH",2000,EUR 3-15m,10-50,independent,yes,,bolt-on,74,flagged,3,"Swiss medtech specialist (diagnostics/simulation/reanimation) with its own MTK/STK experts and infrastructure and manufacturer-certified equipment - a Swiss entry point for cross-border STK build-up (verify ownership).  [Verify: Real & independent since 2000, Zürich; runs own STK/MTK infrastructure but core business is distribution/reseller of medical devices (custo med, ergoline, Philips etc.), STK a service line. https://reavita.ch/dienstleistungen/service-unterhalt/]",https://reavita.ch/dienstleistungen/service-unterhalt/
"Testing, Inspection & Certification","Work Equipment & PPE Inspection (Ladders, Racking, PSA against falls)",Holewa Arbeitsschutz,,https://www.holewa-arbeitsschutz.de,"Adelsdorf (near Erlangen), Bayern",,,,founder,yes,20+ years in operation - founder-era business,bolt-on,74,flagged,3,"Owner-managed, DEKRA-certified Meisterbetrieb covering racking, ladders, mezzanines, mobile platforms and UVV across Nordbayern - solid Franconian tuck-in with 20+ yrs of local relationships.  [Verify: Active DEKRA-certified Meisterbetrieb (Adelsdorf, 20+ yrs) doing ladder/racking inspection across Franconia; in-niche but likely small/owner-only, legal form & revenue unconfirmed. https://www.holewa-arbeitsschutz.de/ueber-uns]",https://www.holewa-arbeitsschutz.de/ueber-uns
"Testing, Inspection & Certification",External Brandschutzbeauftragte / Fire-Safety Officer outsourcing,A.RED Feuerlöscher und Brandschutz,A.RED e.U. (Jürgen Ameseder),https://www.a-red.at/,"Wien, AT",,EUR 1-3m,5-20,founder,yes,,bolt-on,74,flagged,3,"Owner-run (Jürgen Ameseder) Vienna fire-protection firm offering external Brandschutzbeauftragte/Brandwart plus extinguisher service - product+service tuck-in with recurring maintenance base.  [Verify: Real AT family firm (A.RED e.U., Wien, Ameseder) offering external Brandschutzbeauftragte, but core is fire-extinguisher sales/service; e.U. sole-prop likely small/near SME floor. https://www.wlw.at/de/firma/ared-eu-1749671]",https://www.a-red.at/leistungen/brandschutzbeauftragte/
"Testing, Inspection & Certification",External Brandschutzbeauftragte / Fire-Safety Officer outsourcing,Vulcanus AG,Vulcanus AG,https://vulcanus.swiss/,Basel (CH),2012,EUR 1-3m,5-20,management,yes,,bolt-on,74,verified,3,"Independent VKF-certified Swiss Brandschutz firm (active since 2012, 2-person management) offering Brandschutzbeauftragter role Switzerland-wide - Swiss market entry point.",https://vulcanus.swiss/brandschutzbeauftrager-schweiz
Environmental Services,Immissionsschutz- & Störfallbeauftragter (§53/§58a BImSchG),ReSiO Ingenieurbüro,,https://www.resio-ingenieurbuero.de,"Rees, NRW (Niederrhein)",,EUR 1-2m,2-10,founder,yes,owner-run by Dipl.-Ing. Josef Rumahi,bolt-on,73,verified,3,"Owner-led Niederrhein büro specialised in the external Störfall-/Immissionsschutzbeauftragter mandate – small, pure-niche tuck-in (has ≥1 additional Immissions-/Störfall consultant).",https://www.resio-ingenieurbuero.de/externer-stoerfallbeauftragter/
Environmental Services,Immissionsschutz- & Störfallbeauftragter (§53/§58a BImSchG),Ingenieurbüro Schwerter,,https://www.ib-schwerter.de,"Wuppertal, NRW",,EUR 1-2m,2-10,founder,yes,owner-managed by Dipl.-Ing. Dirk Schwerter,bolt-on,73,flagged,3,"Owner-managed büro for betrieblichen Umweltschutz appointed as external ISB (Immissionsschutz), Abfall- & Gewässerschutzbeauftragter for many industrial clients – pure-niche tuck-in.  [Verify: Real, in-niche (external ISB per 5. BImSchV for many industrial clients), founder Dipl.-Ing. Dirk Schwerter, Wuppertal; small owner-operated Ingenieurbüro, SME scale unconfirmed. https://www.ib-schwerter.de/]",https://ib-schwerter.de/leistungen/beauftragtenwesen/
Environmental Services,Immissionsschutz- & Störfallbeauftragter (§53/§58a BImSchG),2W Consulting,2W Consulting GbR,https://2w-consulting.de,"Solingen, NRW",1999,EUR 1-2m,2-10,founder,yes,owner-managed partnership (GbR),bolt-on,73,flagged,2,"Small owner-run Ingenieurbüro for Sicherheit/Qualität/Umweltschutz taking on external Immissionsschutz-, Störfall- & Abfallbeauftragter – micro tuck-in (GbR; confirm scale).  [Verify: Founder-owned GbR (Walbersdorf & Wiechert, est. 1999) offering external Immissionsschutzbeauftragter §54 BImSchG; small 2-founder office near/below size floor (https://2w-consulting.de/beauftragtenwesen/)]",https://2w-consulting.de/beauftragtenwesen/
Managed IT & Cybersecurity,External ISB / vCISO / ISMS-as-a-Service,Generation Secure,Generation Secure GmbH,https://generation-secure.de/,DE,,EUR 0.5-2m,5-15,independent,yes,20+ years experience cited,bolt-on,73,flagged,2,"External CISO / ISB for mid-market with 20+ yrs experience and a specialist network; ownership/legal entity not yet verified — confirm independence before approach.  [Verify: Real, in-niche external ISB/vCISO/ISMS provider, founder-led (Dr. Anja Beyer-Peters), TeleTrust member; small specialist consultancy, SME revenue unconfirmed. https://www.teletrust.de/ueber-teletrust/mitglieder/mitglied/generation-secure-gmbh/]",https://generation-secure.de/externe-security-beauftragte/
Medical & Healthcare,"Pharmacovigilance & drug-safety services (QPPV, PSUR, signal mgmt)",Pharma-Labor Yvonne Proppert (Proppert Solutions),Pharma-Labor Yvonne Proppert GmbH,https://www.pharma-labor.eu,"Alfter (near Bonn), NRW",1984,EUR 0.5-2m,<10,family,yes,Founded 1984 by Yvonne Karmann-Proppert; son Maximilian Proppert now co-managing director - succession in progress,bolt-on,73,verified,4,Long-standing family PV/medical-affairs/QA firm mid-generational handover - relationship-rich tuck-in with SME client base.,https://www.pharma-labor.eu/
Medical & Healthcare,Messtechnische Kontrolle (MTK) of Anlage-2 measuring devices,FAUST Medizintechnik,Michaela Herzberg - FAUST Medizintechnik,https://faust-medizintechnik.de,"Stahnsdorf, Brandenburg",1990s (Betriebsübernahme 2017 durch M. Herzberg),EUR 0.5-3m,5-20,founder,yes,Business taken over/relaunched by owner Michaela Herzberg in early 2017 - owner-operated,bolt-on,73,flagged,3,"Owner-run Praxisausstatter near Berlin with diagnostics and MTK for blood-pressure devices - Berlin/Brandenburg tuck-in.  [Verify: Active Einzelunternehmen (Michaela/Ralph Herzberg), Stahnsdorf; Praxisausstatter with STK/MTK/DGUV-V3 service — real & in-niche but small/sole-prop, size near floor https://faust-medizintechnik.de/stk-mtk-reparaturservice/]",https://faust-medizintechnik.de/ueber-uns/
Medical & Healthcare,Messtechnische Kontrolle (MTK) of Anlage-2 measuring devices,RAINER Medizintechnik GmbH,RAINER Medizintechnik GmbH,https://www.rainer-medizintechnik.de,"Frensdorf (Landkreis Bamberg), Bayern",,EUR 0.5-3m,5-20,founder,yes,Owner-operated (GF Rainer Kalb) - single-owner dependence,bolt-on,73,verified,4,"Founder-led Franconian firm with a dedicated MTK/FTK/STK/DGUV-V3 Prüfservice landing page - transparent price-list, scalable inspection routes around Bamberg.",https://www.rainer-medizintechnik.de/Landingpages/Pruefservice/
Medical & Healthcare,Messtechnische Kontrolle (MTK) of Anlage-2 measuring devices,medi.sys scheuer (notfall-medizin.de),medi.sys scheuer KG,https://www.notfall-medizin.de,"Furth im Wald, Bayern",,EUR 0.5-2m,1-10,founder,yes,Owner (Christian Scheuer) ~30 years in medtech distribution/service - owner-operated,bolt-on,73,flagged,3,"Long-established owner-run medtech distributor/servicer offering MTK per MPBetreibV alongside a Medizinprodukte-Management shop - owner-dependent tuck-in.  [Verify: Real independent KG (HRA 8428 AG Regensburg, Inhaber Christian Scheuer, ~30 yrs) offering STK/MTK, but core business is medtech/emergency-equipment trade & retail (eBay shop) rather than pure MTK inspection. https://www.northdata.com/medi%C2%B7sys%20scheuer%20KG,%20Furth%20i%C2%B7%20Wald/Amtsgericht%20Regensburg%20HRA%208428]",https://www.notfall-medizin.de/Service-1/Messtechnische-Kontrolle-MTK
Medical & Healthcare,Clinical engineering / MedTech maintenance (STK/MTK),gsm - Gesellschaft für Sicherheit in der Medizintechnik GmbH,gsm - Gesellschaft für Sicherheit in der Medizintechnik GmbH,https://www.gsm.at/,"Wien (weitere Standorte Grambach/Steiermark, Lustenau/Vorarlberg), AT",,,,management,yes,Seit ~30 Jahren eigentümergeführt - langjähriges Management (GF Ing. Lukas Dolesch),platform,72,flagged,4,"Eigentümergeführte, akkreditierte Prüf-/Inspektionsstelle für Medizintechnik (STK, Elektrotechnik, Planung, Risikomanagement EN 80001) mit drei Standorten - österreichweiter Plattformkandidat  [Verify: Active accredited AT MedTech inspection/service firm, multi-site (Wien/Grambach/Lustenau), management-led, but revenue unconfirmed (firmen.wko.at/gsm-gesellschaft-für-sicherheit-in-der-medizintechnik-gmbh/wien/)]",https://www.gsm.at/
Medical & Healthcare,Clinical engineering / MedTech maintenance (STK/MTK),MediServ GmbH,MediServ GmbH,https://www.mediserv-med.at/,"Brunn am Gebirge (bei Wien), Niederösterreich; Werkstatt Wien (AT)",1996,,,family,yes,"Von Gheorge und Doris Zsigmond gegründet und aufgebaut, seit 1996 - familiengeführt, Gründergeneration mit Nachfolgethema",bolt-on,72,verified,3,"Herstellerunabhängiger Service inkl. STK rund um Praxis-/Medizingeräte (Monitoring, Ergometrie, Lungenfunktion, EKG) - familiengeführter AT-Tuck-in im Großraum Wien",https://www.mediserv-med.at/service-und-instandhaltung/
Medical & Healthcare,Sicherheitstechnische Kontrolle (STK) of Anlage-1 devices,BAU Medizintechnik (BAU Unternehmensgruppe),BAU MEDIZINTECHNIK GmbH,https://bau-medizintechnik.com,,2000,EUR 2-5m,20-40,division of BAU Unternehmensgruppe (owner-managed group),yes,,bolt-on,72,flagged,3,"Specialist STK/MTK (§11/§12 MPBetreibV) arm of the privately held BAU Unternehmensgruppe (35+ experts, founded 2000) focused on medical occupational safety - independent group bolt-on.  [Verify: Real, in-niche (STK/MTK of medical devices) but a division of the owner-managed BAU Unternehmensgruppe (ex Medical Büro für Arbeit und Umwelt Service GmbH), not standalone. https://bau-medizintechnik.com/ueber-uns/]",https://bau-medizintechnik.com/leistungen/sicherheitstechnische-kontrolle-nach-mpbetreibv-11/
Medical & Healthcare,MVZ & practice-group external DSB (ambulatory),NordPrax,Nordprax IT Service GmbH,https://nordprax.de/,Berlin (Adlershof),,,5-20,founder,yes,,platform,70,flagged,4,"Praxis-IT-as-a-Service + externer DSB for Arztpraxen/MVZ - bundles IT/TI and Datenschutz, natural anchor for a DSB + IT-security platform.  [Verify: Real & founder-managed (Claus Böhle), Berlin-Adlershof; offers external DSB for practices/MVZ but core is practice-IT as a service, DSB one line; size unconfirmed. https://nordprax.de/beauftragter-datenschutz/]",https://nordprax.de/beauftragter-datenschutz/
Medical & Healthcare,MVZ & practice-group external DSB (ambulatory),ENSECUR,ENSECUR (ER Secure GmbH),https://www.ensecur.de/,"Stuttgart / Karlsruhe, Baden-Wuerttemberg",2011,,10-30,management,yes,,platform,70,verified,3,Founder-led external-DSB firm since 2011 with a dedicated Gesundheitswesen & Pflege practice - regional BW platform / portfolio anchor.,https://www.ensecur.de/externer-datenschutzbeauftragter/externer-datenschutzbeauftragter-gesundheitswesen-pflege/
Medical & Healthcare,MVZ & practice-group external DSB (ambulatory),ap-datenschutz,ap-datenschutz GmbH,https://ap-datenschutz.de/,"Koeln, NRW",,,5-20,founder,yes,,platform,70,flagged,3,"Founder-owned (Dr. Andreas Pinheiro) team of Juristen + IT running external DSB for Arztpraxen/Kliniken with own DSM system - platform-grade in NRW.  [Verify: Real independent GmbH (Köln, led by Dr. Andreas Pinheiro & N. Motiee Tehrani) doing external DSB for Arztpraxen/Kliniken/MVZ; caveat: small consultancy, revenue likely at/below bottom of SME band. https://ap-datenschutz.de/datenschutzberater-gesundheitseinrichtungen/]",https://ap-datenschutz.de/datenschutzbeauftragter-arztpraxis/
Medical & Healthcare,MVZ & practice-group external DSB (ambulatory),DeltaMed Sued,DeltaMed Süd GmbH & Co. KG,https://www.deltamedsued.de/,"Ludwigsburg, Baden-Wuerttemberg",,,5-20,independent,yes,,platform,70,flagged,3,"Dedicated external-DSB provider across Arztpraxis/MVZ/Apotheke/Klinik plus Verbaende/Pharma - broad healthcare-only mandate, southern-DE platform candidate.  [Verify: Real independent Ludwigsburg healthcare-management consultancy (GmbH & Co. KG) offering external DSB for practices/MVZ, but DSB is one of several services (QM, hygiene, org) not a pure-play; size unconfirmed. https://www.deltamedsued.de/externer-datenschutzbeauftragter-arztpraxis]",https://www.deltamedsued.de/externer-datenschutzbeauftragter-arztpraxis
"Testing, Inspection & Certification","Work Equipment & PPE Inspection (Ladders, Racking, PSA against falls)",SNI-Nord Regaltechnik GmbH,SNI-Nord Regaltechnik GmbH,https://sni-nord.de,"Wildeshausen, Niedersachsen",,,,management,yes,,platform,70,verified,4,Focused racking specialist (inspection + repair + montage) with own certified Regalinspektoren; could anchor a racking-led route-density build in the north.,https://sni-nord.de/impressum/
"Testing, Inspection & Certification","Work Equipment & PPE Inspection (Ladders, Racking, PSA against falls)",ASZ GmbH & Co. KG,ASZ GmbH & Co. KG,https://asz-gmbh.de,"Bielefeld, NRW",,,,management,yes,,platform,70,verified,4,Broad Arbeitsmedizin + Arbeitssicherheit + Prüftechnik group across 6 NRW sites (Bielefeld/Beckum/Lippstadt/Münster/Gütersloh/Osnabrück) - a natural regional anchor to cross-sell racking/ladder/PSA into existing OHS contracts.,https://asz-gmbh.de/pruefservice/regalpruefung-nach-din-en-15635-und-dguv-208-061/
"Testing, Inspection & Certification","Work Equipment & PPE Inspection (Ladders, Racking, PSA against falls)",PSA-Check Poelmann,PSA-CHECK Poelmann GmbH,https://www.psa-check.com,"Waltrop / Olfen, NRW",,,,founder,yes,,platform,70,verified,4,"Pure-play fall-protection/PSA inspector (Sekuranten, Steigleitern, Anschlagpunkte, PSAgA) also covering racking - exactly the PSAgA competence a route-density build needs; two sites already.",https://www.psa-check.com/impressum
"Testing, Inspection & Certification","Work Equipment & PPE Inspection (Ladders, Racking, PSA against falls)",MIS Mauel Industrie-Service GmbH & Co. KG,MIS Mauel Industrie-Service GmbH & Co. KG,https://www.mis-vlatten.de,"Heimbach-Vlatten (Kreis Düren), NRW",2004,,,family,yes,,platform,70,verified,4,"Founder-family firm (Jörg Mauel) combining PSAgA/ladder/racking/crane UVV inspection with PSA trading and, via sister MAUEL Sicher Arbeiten, the SICHERWERK height-safety training centre - a broad PSA-centric anchor in the Aachen/Düren/Euskirchen region.",https://www.mis-vlatten.de/arbeitssicherheit-uvv-pruefungen-psaga-krananlagen-leitern-hebetechnik.html
Building & Facility Technical Services,Lightning Protection & Surge (Blitzschutz / Überspannungsschutz),Bavaria Blitzschutzbau GmbH,Bavaria Blitzschutzbau GmbH,https://bavaria-blitzschutzbau.de/,"Garching bei München, Bayern",2014,EUR 0.5-2m,5-15,management,yes,,bolt-on,69,flagged,3,"Junger inhabergeführter Blitz-/Überspannungsschutzbetrieb im Großraum München - kleiner Tuck-in zum Aufbau eines Südbayern-Standbeins (im Kontextfile als bekanntes Ziel gelistet).  [Verify: Real, in-niche, independent (GF Schneider/Fochler, HRB 213069) but only 2-10 employees/founded 2014 - bottom of SME size band. https://www.northdata.com/Bavaria%20Blitzschutzbau%20GmbH,%20Garching%20b%C2%B7%20M%C3%BCnchen/Amtsgericht%20M%C3%BCnchen%20HRB%20213069]",https://www.bavaria-blitzschutzbau.de/impressum.html
Building & Facility Technical Services,Lightning Protection & Surge (Blitzschutz / Überspannungsschutz),Blitzschutz K. Heim GmbH,Blitzschutz K. Heim GmbH,https://www.heim-blitz.ch/,"Stein AG, Aargau (CH)",2017,EUR 0.5-2m,5-15,management,yes,,bolt-on,69,flagged,3,"VKF-anerkannter Blitzschutz-Fachbetrieb (Electrosuisse-Mitglied) im Aargau - CH-Markteintritt/Add-on; verbunden mit Blitzableiterbau Heim (DE), daher als Gruppe ansprechbar.  [Verify: Real independent CH lightning-protection GmbH (founded 2017, Stein AG, CHE-197.148.428) but young/likely near or below the SME revenue floor. https://www.moneyhouse.ch/en/company/blitzschutz-k-heim-gmbh-2367492601]",https://www.heim-blitz.ch/impressum-blitzschutzanlagen-aargau/
Managed IT & Cybersecurity,Water / Wastewater Utility OT Security Monitoring,Blackfort Technology,Blackfort Technology UG (haftungsbeschränkt),https://blackfort-tec.de/,"Bonn, NRW, DE",,EUR 0.5-2m,5-15,founder,yes,,bolt-on,69,flagged,2,"Founder-run OT-security consultancy (IEC 62443, NIS2, secure OT remote-maintenance) for energy & KRITIS; small (UG, EUR 1k capital) — early-stage bolt-on / capacity add.  [Verify: Real (HRB 23120 Bonn), founder-owned, genuinely in-niche (OT-Security IEC 62443/NIS2 for KRITIS incl. water); but UG (haftungsbeschränkt) implies a very small/early firm near or below SME floor. https://www.northdata.de/Blackfort%20Technology%20UG,%20Bonn/HRB%2023120]",https://blackfort-tec.de/impressum
Managed IT & Cybersecurity,Zahnarztpraxis-IT (Dental),denkkontor,denkkontor.com - Inhaber Alexander Teske e.K.,https://denkkontor.com/,Münster / NRW (Westfalen-Lippe),2014,EUR 1-2m,7-15,founder,yes,,bolt-on,69,verified,4,Owner-run e.K. with 300+ dental practices / ~450 customers in Westfalen-Lippe and TI focus - captive recurring base ideal as a regional anchor.,https://denkkontor.connectoor.de/
Managed IT & Cybersecurity,Zahnarztpraxis-IT (Dental),Compfair,Compfair GmbH,https://compfair.de/it-service-zahnarztpraxis/,Kiel / Schleswig-Holstein,2015,EUR 0.5-2m,5-15,family,yes,,bolt-on,69,verified,4,"Founder/family-run (Richard & Henrike Marnau), growing dental-IT + TeleKonnekt TI provider in Northern Germany - young, fast-growing tuck-in for a northern cluster.",https://compfair.de/it-service-zahnarztpraxis/
Managed IT & Cybersecurity,Zahnarztpraxis-IT (Dental),Lendeckel IT,Lendeckel IT GmbH & Co. KG,https://lendeckel-it.de/it-loesungen-zahnaerzte/,Heilbad Heiligenstadt / Thüringen,,EUR 0.5-2m,5-15,family,yes,,bolt-on,69,verified,3,"Family systemhouse (Lendeckel), 30+ yrs in IT and 15+ yrs on dental practices - underserved central-Germany region, tuck-in for coverage.",https://lendeckel-it.de/it-loesungen-zahnaerzte/
Managed IT & Cybersecurity,Zahnarztpraxis-IT (Dental),Computer-Spezialisten.de,MCL Computer-Spezialisten.de GmbH,https://computer-spezialisten.de/it-zahnarztpraxis/,Überlingen am Bodensee / Baden-Württemberg,,EUR 0.5-2m,5-20,independent,yes,,bolt-on,69,flagged,2,"Regional systemhouse serving dentists/orthodontists from Bodensee to Greater Stuttgart with IT-flatrates - dental customer base to fold into a BW cluster; verify entity/owner.  [Verify: Real owner-managed IT-Systemhaus (MCL Computer-Spezialisten.de GmbH, Überlingen, founded 2006) serving dental practices, but not dental-exclusive (also GPs, crafts, law firms). https://www.goyellow.de/home/elektro-elektronik-mcl-computer-spezialisten-de-gmbh-ueberlingen--2mnzr3.html]",https://computer-spezialisten.de/it-zahnarztpraxis/
Managed IT & Cybersecurity,External ISB / vCISO / ISMS-as-a-Service,ing-ism (Ingenieurbüro für Informationssicherheit),ing-ism GmbH,https://www.ing-ism.de/,DE (Mittelstand-Fokus NRW / Hessen / Niedersachsen),,EUR 0.3-2m,5-15,founder,yes,,bolt-on,69,flagged,4,"Pure-play externer ISB (ab ~1.4k EUR/Mo) + vCISO retainers on ISO 27001 / BSI IT-Grundschutz / NIS2 for SMEs; founder-led (Maximilian Schildmann), ideal methodology-standardisation tuck-in.  [Verify: Real founder-led external ISB/vCISO firm (ISO 27001), in-niche; but very small (ISB ab 1.400€/Monat, OWL/NRW) so likely near/below SME floor. https://www.ing-ism.de/]",https://www.ing-ism.de/
Managed IT & Cybersecurity,Managed Compliance / vCISO & Continuous NIS2-ISO-27001-TISAX Monitoring,TOSIT,TOSIT GmbH,https://tosit.eu/,Hünfeld (Hessen),2016,EUR 0.5-3m,5-25,founder,yes,,bolt-on,69,verified,4,Owner-managed (Mathias Heil) ISMS/ISO 27001/TISAX + BCM consultancy in rural Hessen - regional bolt-on with cross-sell into continuous monitoring.,"https://www.northdata.com/TOSIT%20GmbH,%20H%C3%BCnfeld/Amtsgericht%20Fulda%20HRB%207339"
Managed IT & Cybersecurity,External ISB / vCISO / ISMS-as-a-Service,TMD Secure,TMD Secure GmbH,https://www.tmd-secure.de/,DE,2010,EUR 0.5-2m,5-15,founder,yes,,bolt-on,69,verified,3,Founder-led (ISO 27001 Lead Auditor) ISMS / ISO 27001 / TISAX consultancy providing external ISB/ITSiBe; TISAX auditor DNA valuable for a delivery-methodology roll-up.,https://www.tmd-secure.de/dienstleistungen/informationssicherheit-iso27001-tisax/
Managed IT & Cybersecurity,External ISB / vCISO / ISMS-as-a-Service,Secure Consult,,https://www.secure-consult.com/,"München + bundesweit, DE",,EUR 0.5-2m,5-15,independent,yes,,bolt-on,69,flagged,2,"External ISB for companies + municipalities up to ISO 27001 certification; strong Kommunal angle for NIS2 wave, but legal entity/ownership unverified — diligence needed.  [Verify: Active Munich consultancy offering external ISB/ISMS/ISO27001 support; ownership and size not independently confirmed (likely small). https://secure-consult.com/beratung/informationssicherheit/externer-informationssicherheitsbeauftragter/]",https://secure-consult.com/beratung/informationssicherheit/externer-informationssicherheitsbeauftragter/
Medical & Healthcare,MVZ & practice-group external DSB (ambulatory),ViCoTec,ViCoTec IT-Sicherheit & Datenschutz GmbH & Co. KG,https://www.vicotec.de/,"Oldenburg, Niedersachsen",1994,,5-20,founder,yes,"Firm active since 1994 under long-standing owner-GF - long-tenure principal, plausible succession angle",bolt-on,69,flagged,3,"Long-established owner-run Datenschutz/IT-security firm (Weser-Ems) serving healthcare - regional bolt-on with DSB + IT-security cross-sell.  [Verify: Active founder-run GmbH & Co. KG, Oldenburg; general external DSB (250+ clients across IT/tax/legal/medical), not an MVZ/ambulatory-DSB specialist https://www.vicotec.de/externer-datenschutzbeauftragter.html]",https://www.vicotec.de/
Medical & Healthcare,Clinical engineering / MedTech maintenance (STK/MTK),Medical Eins GmbH,Medical Eins GmbH,https://medical1.sh/,"Rendsburg, Schleswig-Holstein",1949,,~30,"owner-managed (Ralf Timm, since 2017)",yes,"Übernahme 2017 durch Ralf Timm (Asset-Deal inkl. 30 Mitarbeiter) - traditionsreicher Betrieb seit 1949, jüngerer Eigentümerwechsel",bolt-on,69,flagged,4,"Regionaler Medizintechnik-Fachhandel mit eigenem STK-/Reparaturservice (§11 MPBetreibV) für SH/Hamburg - ~30 Mitarbeiter, solider Norddeutschland-Baustein  [Verify: Real & independent (owner Ralf Timm, MBO mid-2017; founded 1949, Rendsburg); performs STK/MTK per MPBetreibV but core business is medical-supply retail/Fachhandel, so clinical-engineering is one service line. https://medical1.sh/ueber-uns/]",https://medical1.sh/service/
Medical & Healthcare,EU-QPPV as a service,Pharmatrend,Pharmatrend GmbH,https://pharma-trend.ch,"Bischofszell, Thurgau (CH)",,EUR 1-2m,2-10,independent,yes,,bolt-on,69,flagged,2,"Small independent Swiss GMP/GDP house offering an external PV-responsible person/QPPV - useful bilateral Swiss QPPV capacity; likely near the micro threshold, verify size.  [Verify: Real, independent PV/QPPV consultancy but Swiss (Bischofszell CH, non-EU/EEA) - questionable fit for EU-QPPV (must reside in EU/EEA); small, size unconfirmed. https://www.moneyhouse.ch/en/company/pharmatrend-gmbh-12578983351]",https://pharma-trend.ch/pv/1317/?lang=en
"Testing, Inspection & Certification","Work Equipment & PPE Inspection (Ladders, Racking, PSA against falls)",Erich Czulkowski GmbH,Erich Czulkowski GmbH,https://czulkowski-industriemontagen.de,"Dommershausen, Rheinland-Pfalz (+ Düsseldorf)",1987,,,family,yes,Founded 1987 by Erich Czulkowski; now led by Benjamin Czulkowski (2nd generation) - generational transition in progress,bolt-on,69,flagged,3,"2nd-gen family industrial-services firm offering full PSAgA testing alongside its montage core - tuck-in for PSA competence, or a carve-out of the inspection line.  [Verify: Active family-owned firm (est. 1987, Dommershausen + Düsseldorf) offering ladder/rack/PSAgA inspections, but core business is industrial assembly/relocation & logistics; inspection is a secondary line (https://czulkowski-industriemontagen.de/leiterpruefung/, https://czulkowski-industriemontagen.de/our-company/?lang=en)]",https://czulkowski-industriemontagen.de/psaga-pruefung/
"Testing, Inspection & Certification",External Brandschutzbeauftragte / Fire-Safety Officer outsourcing,Ullertec GmbH,Ullertec GmbH,https://www.ullertec.de/,"Bochum, NRW (Ruhrgebiet)",2023,EUR 1-2m,10-25,founder,yes,,bolt-on,69,flagged,4,"Young founder firm (GF Sandro Ullering) offering external Brandschutzbeauftragter n. DGUV 205-003 plus Arbeitssicherheit across the Ruhrgebiet - buy-and-grow tuck-in.  [Verify: Founder-run Bochum external Brandschutz/occupational-safety provider, in-niche and active, but only founded 2023 and small (ullertec.de/leistungen/brandschutz/externer-brandschutzbeauftragter/)]",https://www.ullertec.de/leistungen/brandschutz/externer-brandschutzbeauftragter/
Managed IT & Cybersecurity,External ISB / vCISO / ISMS-as-a-Service,Wermescher Advisory,Wermescher Advisory GmbH,https://wermescher.com/,"Bärnbach (Steiermark), AT",2023,EUR 0.3-1.5m,3-10,founder,yes,founder DI Herwart Wermescher advising since 2011,bolt-on,68,flagged,4,"Founder-led Austrian vCISO / external-CISO boutique (also brand kmusec.com) focused on NIS2 / NISG 2026, ISO 27001 & risk for Steiermark & DACH Mittelstand; entry point into Austrian NIS2 wave.  [Verify: Real founder-run vCISO/NIS2 boutique (Herwart Wermescher, FN 603485d) but registered 2023 and essentially single-principal (firmen.wko.at/wermescher-advisory-gmbh)]",https://wermescher.com/leistungen/externer-ciso/
Building & Facility Technical Services,Lightning Protection & Surge (Blitzschutz / Überspannungsschutz),Reichenhauser Blitzschutzbau GmbH,Blitzschutz Willibald Reichenhauser GmbH,https://www.kaerntnerblitz.at/,"Weitensfeld im Gurktal, Kärnten (+ Wien), AT",2011,EUR 0.5-2m,5-15,founder,yes,,bolt-on,67,flagged,3,"Inhabergeführter Familienbetrieb (Willibald Reichenhauser) mit Standbein Wien + Kärnten - kleiner Tuck-in für Ostösterreich/Süd.  [Verify: Real founder-owned lightning-protection firm (Willibald Reichenhauser, self-employed 2011, GmbH ~2021) serving Wien/Kärnten; small (est ~0.5-2m, near/below SME floor). https://blitzschutz-reichenhauser.at/ueber-uns/]",https://blitzschutz-reichenhauser.at/ueber-uns/
Building & Facility Technical Services,Lightning Protection & Surge (Blitzschutz / Überspannungsschutz),GPK Blitzschutz GmbH,GPK Blitzschutz GmbH,https://www.gpk-austria.at/,"Sollenau / Eggendorf, Niederösterreich (AT)",2021,EUR 0.5-2m,11,founder,yes,,bolt-on,67,flagged,2,"Junger, wachsender NÖ-Fachbetrieb für Blitzschutz/Erdung - kleiner Add-on, um ein Ost-Österreich-Cluster zu verdichten.  [Verify: Real founder-run AT Blitzschutz firm (Christian Gemeinböck), FN 549653p, but founded 2021 and very small (gpk-austria.at/RECHTLICHES/IMPRESSUM/)]",https://www.gpk-austria.at/STARTSEITE/
Building & Facility Technical Services,Lightning Protection & Surge (Blitzschutz / Überspannungsschutz),Trisko Blitzschutzbau GmbH,Trisko Blitzschutzbau GmbH,https://www.triskoblitzschutzbau.at/,Gerasdorf bei Wien / Wien (AT),2017,EUR 0.5-2m,10-15,founder,yes,,bolt-on,67,flagged,3,"Von Branchen-Profi André Trisko gegründeter Wiener Fachbetrieb (~12 MA) - Add-on zur Verdichtung des Raums Wien/NÖ.  [Verify: Real founder-owned (André Trisko) lightning-protection firm, Gerasdorf/Wien 2017; small (~EUR 0.5-2m), size near/below SME floor. https://www.triskoblitzschutzbau.at/]",https://www.triskoblitzschutzbau.at/ueber-uns/
Managed IT & Cybersecurity,Water / Wastewater Utility OT Security Monitoring,banet gmbh,banet gmbh,https://www.banet.at/,"Gänserndorf, Niederösterreich (AT)",,EUR 0.5-2m,5-20,founder,yes,,bolt-on,67,verified,3,Owner-run Austrian IT/OT & NIS2 specialist (~100 NIS2 implementations since 2016) for supply/production KRITIS incl. water — Austrian tuck-in ahead of NISG 2026.,https://www.banet.at/nis2-richtlinie/
Managed IT & Cybersecurity,Zahnarztpraxis-IT (Dental),IT dental,IT dental GmbH,https://it-dental.ch/,"Horw (Kanton Luzern), CH",2016,CHF 0.5-2m,5-15,founder,yes,,bolt-on,67,verified,4,Owner/GF Fabian Brülhart; the clearest Swiss dental-pure IT specialist (practices + labs) - the Swiss beachhead for a DACH dental-IT platform.,https://it-dental.ch/
Managed IT & Cybersecurity,Zahnarztpraxis-IT (Dental),Simplit,,https://www.simplit.at/lp/loesungenaerzte.html,"Baden / Wien, AT",,EUR 0.5-2m,5-20,independent,yes,,bolt-on,67,flagged,2,"Austrian SME IT provider with a dedicated dental/practice-IT offering across Baden, Wien, NÖ and Burgenland - rare AT dental entry point; verify legal entity, owner and size.  [Verify: Real small IT shop in Baden/Wien with a dental-practice landing page, but generalist (PC/laptop repair, contracts from 89€/mo) not dental-specialist; likely micro. https://www.simplit.at/lp/loesungenaerzte.html]",https://www.simplit.at/lp/loesungenaerzte.html
Managed IT & Cybersecurity,Managed Compliance / vCISO & Continuous NIS2-ISO-27001-TISAX Monitoring,betriebswerk Unternehmensberatung,betriebswerk Unternehmensberatung GmbH,https://www.betriebswerk.at/,Wien (Österreich),2019,EUR 0.5-3m,5-25,founder,yes,,bolt-on,67,verified,3,Owner-led (Sascha Wimmer) Vienna management-systems consultancy including ISO 27001/ISMS + TISAX - Austrian bolt-on to extend DACH compliance platform.,https://firmen.wko.at/betriebswerk-unternehmensberatung-gmbh/wien/?firmaid=9121c4c6-3647-4743-b2e4-fad708778e94
Managed IT & Cybersecurity,Managed Compliance / vCISO & Continuous NIS2-ISO-27001-TISAX Monitoring,Blueguard,Blueguard GmbH,https://blueguard.ch/,Zürich (Schweiz),,EUR 0.5-3m,5-25,founder,yes,,bolt-on,67,flagged,3,"Owner-managed (Najib Ziaie) Zürich cybersecurity firm offering CISO-as-a-Service and ISO 27001 gap analysis - Swiss bolt-on for the platform's cross-border footprint.  [Verify: Real, independent Swiss cyber consultancy (CISO-as-a-Service, ISO 27001), Zürich; size small/unconfirmed near bottom of band. https://blueguard.ch/]",https://blueguard.ch/impressum
Managed IT & Cybersecurity,External ISB / vCISO / ISMS-as-a-Service,SIDD (Priverion),Priverion GmbH (brand: SIDD Institut für Datenschutz und Datensicherheit),https://www.sidd.swiss/,"Baar (Zug), CH",2017,CHF 0.5-2m,5-15,founder,yes,,bolt-on,67,flagged,4,"Founder-led Swiss data-protection & infosec consultancy (external CISO/ISB, ISO 27001, DPO) since 2017 with high-retention retainer mandates (vCISO from CHF 60k/yr); Swiss beachhead for the platform.  [Verify: Real founder-owned Swiss firm (Priverion GmbH, Baar 2017); external DPO for >70% of clients + ISMS SaaS, but small (~CHF 0.5-2m) and DPO/software-weighted. https://www.northdata.com/Priverion%20GmbH,%20Baar/CHE-211.830.805]",https://www.sidd.swiss/leistungen/ciso-isb-iso
"Testing, Inspection & Certification",Psychische Gefährdungsbeurteilung (psychological risk assessment),IEPB,IEPB GmbH,https://www.iepb.at,"Wien / Krems, AT",,EUR 0.5-2m,5-20,founder,yes,,bolt-on,67,verified,4,Founder-run Austrian pure-play for Evaluierung psychischer Belastungen - clean tuck-in to enter the AT market where evaluation is legally mandated.,https://www.iepb.at/
Medical & Healthcare,MVZ & practice-group external DSB (ambulatory),Two Towers Consulting,Two Towers Consulting GmbH & Co. KG,https://www.two-towers.eu/,"Koeln, NRW",,,5-20,management,yes,,bolt-on,65,flagged,3,"Owner-managed compliance boutique running external DSB for Arztpraxen/MVZ (BvD/DICO member) - healthcare vertical bolt-on in the Rhineland.  [Verify: Real independent external-DSB firm (HRA 32080 Köln, Klos/Rothe), in-niche external DSB; but healthcare/MVZ-ambulatory focus is one of many sectors served (pharma/auto/retail/finance), not confirmed specialization. https://www.northdata.com/Two%20Towers%20Consulting%20GmbH%20&%20Co%C2%B7%20KG,%20K%C3%B6ln/HRA%2032080]",https://www.two-towers.eu/datenschutz-arztpraxis-mvz/
Medical & Healthcare,MVZ & practice-group external DSB (ambulatory),Datenschutzdoktor,Datenschutzdoktor Rechtsanwaltsgesellschaft mbH,https://datenschutzdoktor.de/,"Nuernberg, Bayern",2017,,5-20,founder,yes,,bolt-on,65,verified,4,Young owner-led law firm specialised in Aerzte/Zahnaerzte/Apotheker & Gesundheitsdaten with online portal - legal-tech bolt-on with growth base.,https://datenschutzdoktor.de/
Medical & Healthcare,MVZ & practice-group external DSB (ambulatory),Kemian,"Kemian (IT-Dienstleistungen, Leipzig)",https://www.kemian.de/,"Leipzig, Sachsen",,,5-20,founder,yes,,bolt-on,65,flagged,3,"Owner-run IT + TUEV-DSB house with a dedicated Arztpraxis/Apotheke Datenschutz line - combines DSB with IT/TI, tuck-in for eastern DE.  [Verify: Active Leipzig IT/data-protection firm (since 2003) with a genuine Arztpraxis/MVZ external-DSB offering; owner-run but small and legal form/size unconfirmed. https://www.kemian.de/datenschutzberatung/datenschutz-nach-branchen/datenschutz-in-der-arztpraxis/]",https://www.kemian.de/datenschutzberatung/datenschutz-nach-branchen/datenschutz-in-der-arztpraxis/
Medical & Healthcare,MVZ & practice-group external DSB (ambulatory),321 Legal,321 Legal,https://321legal.de/,Deutschland,,,5-20,founder,yes,,bolt-on,65,flagged,3,"Founded by doctors + lawyers as all-inclusive external DSB for Arztpraxen/MVZ - domain-specialist legal-tech bolt-on with document-package product.  [Verify: Real doctor-&-lawyer-founded external DSB service for practices/MVZ nationwide, independent & in-niche, but size/legal entity unconfirmed (321legal.de)]",https://321legal.de/
Medical & Healthcare,MVZ & practice-group external DSB (ambulatory),OBSECOM,OBSECOM GmbH,https://www.obsecom.eu/,"Stuttgart, Baden-Wuerttemberg",,,5-20,management,yes,,bolt-on,65,flagged,3,"Owner-managed external-DSB firm serving Arztpraxen across the BW region (Stuttgart/Reutlingen/Karlsruhe/Freiburg) - regional bolt-on to densify the practice base.  [Verify: Real & independent, Stuttgart; external DSB (GDD-certified) serving practices/MVZ but also notaries/law firms/associations — healthcare is one segment; size unconfirmed. https://www.obsecom.eu/]",https://obsecom.eu/datenschutzbeauftragter-arztpraxis/
Medical & Healthcare,MVZ & practice-group external DSB (ambulatory),INNAVIS Datenschutz,INNAVIS Dienstleistungsgesellschaft fuer Datenschutz & Compliance mbH & Co. KG,https://datenschutz.innavis.de/,"Ihlow (Riepe), Niedersachsen",,,5-20,management,yes,,bolt-on,65,verified,3,"Owner-managed Datenschutz/Compliance house serving Arztpraxen, Apotheken, Krankenhaeuser & Pflege - northern-DE bolt-on for the practice/pharmacy base.",https://datenschutz.innavis.de/
Medical & Healthcare,MVZ & practice-group external DSB (ambulatory),Tulos Consulting,Tulos Consulting GmbH,https://tulos.de/,"Koeln, NRW",,,5-20,founder,yes,,bolt-on,65,flagged,3,"Founder-led (Roderich Pilars de Pilar) DSB/IT-security firm offering external DSB for Arztpraxen at EUR90/doctor/mo - transparent per-doctor pricing, easy tuck-in.  [Verify: Real independent GmbH (Köln) offering external DSB for Arztpraxen/MVZ; caveat: low price points (€90/doctor/mo) suggest small size, possibly below SME band. https://tulos.de/datenschutzbeauftragter-fuer-arztpraxis/]",https://tulos.de/datenschutzbeauftragter-fuer-arztpraxis/
Medical & Healthcare,Clinical engineering / MedTech maintenance (STK/MTK),TBM Medizintechnik GmbH,TBM Medizintechnik GmbH,https://www.tbm-medizintechnik.de/,"Großbettlingen, Baden-Württemberg",,,,independent,yes,,bolt-on,65,flagged,3,"Medizinprodukte aus einer Hand mit Prüfung/Wartung/Reparatur (STK/MTK) - regionaler Baustein für den Großraum Stuttgart/Neckar-Alb  [Verify: Active independent Großbettlingen firm (HRB Stuttgart 225658), but core business is medical-device/Sanitätshaus sales (beds, stretchers) with STK/MTK service secondary; niche-fit caveat. https://www.northdata.com/TBM%20-%20Medizintechnik%20GmbH,%20Gro%C3%9Fbettlingen/Amtsgericht%20Stuttgart%20HRB%20225658]",https://www.tbm-medizintechnik.de/service/
Medical & Healthcare,Clinical engineering / MedTech maintenance (STK/MTK),mt-nord GmbH,mt-nord GmbH,https://mt-nord.de/,Norddeutschland (Aufsicht Landesamt für soziale Dienste Schleswig-Holstein),,,,independent,yes,,bolt-on,65,flagged,3,"Herstellerunabhängige, ISO-9001-zertifizierte Prüf-/Wartungsfirma für STK/MTK/DGUV V3 (außer Röntgen/Beatmung/Laser) - klarer Tuck-in im Norden  [Verify: Real manufacturer-independent STK/MTK medtech service GmbH in Schleswig-Holstein, independent & in-niche, but size (revenue) unconfirmed - possibly small. https://mt-nord.de/]",https://mt-nord.de/
Medical & Healthcare,Clinical engineering / MedTech maintenance (STK/MTK),MEPRO Dr. Stehr Medizintechnik GmbH,MEPRO Dr. Stehr Medizintechnik GmbH,https://www.mepromed.info/,"Dresden, Sachsen",2008,,,founder,yes,,bolt-on,65,flagged,3,"Regionaler Anbieter von Klinik-/Praxisausstattung mit medizintechnischem Service (Wartung/Reparatur) - Anknüpfungspunkt für Sachsen-Abdeckung  [Verify: Active independent GmbH (HRB 26251 Dresden, founded 2008) but primarily a medical-device dealer with add-on technical service; small (2023 balance-sheet ~EUR 600k). https://www.northdata.com/MEPRO%20Dr%C2%B7%20Stehr%20Medizintechnik%20GmbH,%20Dresden/HRB%2026251]",https://www.mepromed.info/service/
Medical & Healthcare,"Pharmacovigilance & drug-safety services (QPPV, PSUR, signal mgmt)",elbPV,elbPV Dr. Ilona Schonn,https://elbpv.de,"Lüneburg, Niedersachsen (near Hamburg)",2017,,5-15,founder,yes,,bolt-on,65,flagged,4,"Young founder-led PV boutique (Dr. Ilona Schonn, est. 2017) - modular PV services from single reports to full PV-system build; growth-stage bolt-on.  [Verify: Real founder-owned PV specialist (Dr. Ilona Schonn, est 2017, Lüneburg) offering QPPV/PSUR/signal mgmt; growing team but revenue not confirmed (likely small). https://elbpv.de/ueber-uns/]",https://elbpv.de/leistungen/
Medical & Healthcare,Sicherheitstechnische Kontrolle (STK) of Anlage-1 devices,MBS Medizintechnik,MBS Medizintechnik GmbH,https://www.mbs-medizintechnik.com,,,EUR 0.3-2m,5-20,founder,yes,,bolt-on,65,flagged,2,"AED/defibrillator-focused service provider doing STK (battery/function/parts) with manufacturer partnerships - narrow but recurring-demand bolt-on (ownership/size to verify).  [Verify: Real independent GmbH (HRB 44853 Nürnberg, MD Marcel Mohr) doing STK on AED/defibrillators; in-niche but small/micro and heavily AED-focused. https://www.mbs-medizintechnik.com/Rechtliches/Impressum/]",https://www.mbs-medizintechnik.com/Medizintechnik/AED-Geraete-und-Zubehoer/AED-Defibrillatoren-Geraete/Defibrillator-Wartung/
"Testing, Inspection & Certification","Work Equipment & PPE Inspection (Ladders, Racking, PSA against falls)",Prüfservice Steverding (Stefan Steverding Sondermaschinen- und Vorrichtungsbau GmbH),Stefan Steverding Sondermaschinen- und Vorrichtungsbau GmbH,https://www.pruefservice-steverding.de,"Stadtlohn, NRW",,,,founder,yes,,bolt-on,65,verified,3,Owner-run machine builder running Regal/Leiter inspection as a growing service line in the Münsterland - tuck-in where inspection can be carved out/scaled.,https://www.pruefservice-steverding.de/impressum/
"Testing, Inspection & Certification","Work Equipment & PPE Inspection (Ladders, Racking, PSA against falls)",PMS Regalbau,,https://pms-regalbau.de,"Leverkusen/Köln area, NRW",,,,founder,yes,,bolt-on,65,flagged,2,"Racking builder/assembler that also runs Regal/Steigleiter/Leiter inspection across NRW - tuck-in combining montage plus recurring inspection revenue.  [Verify: Real independent owner-run firm (Leverkusen, 30+ yrs) doing racking/ladder inspection per DIN EN 15635 & DGUV; caveat: no legal form/HRB found and size unconfirmable (also part supplier of shelving). https://pms-regalbau.de/Regalpruefung]",https://pms-regalbau.de/Pruefservice
Medical & Healthcare,MVZ & practice-group external DSB (ambulatory),clever data,clever data gmbh,https://www.cleverdata.at/,"Wien, AT",,,5-20,founder,yes,,bolt-on,63,verified,4,Austrian owner-led IT-consultancy acting as external DSB for Aerzte/Praxen/Gruppenpraxen - the AT entry point for a DACH DSB roll-up.,https://www.cleverdata.at/dsgvo/dsgvo-fuer-aerzte-und-praxen
Managed IT & Cybersecurity,External ISB / vCISO / ISMS-as-a-Service,WollConsulting,WollConsulting GmbH,https://wollconsulting.ch/,Schweiz (CH),2018,CHF 0.3-1.5m,3-8,founder,yes,,bolt-on,59,flagged,4,"Founder-led (CEO Günther Woll, ISO 27001 Senior Lead Auditor) ISMS-Light / ISO 27001 / TISAX boutique for Swiss KMU (20-500 staff) since 2018; sharp methodology, small team — clean tuck-in.  [Verify: Real independent CH ISO27001/TISAX consultancy for KMU, but very small (CHF 0.3-1.5m) — near micro, size at bottom of SME range. https://wollconsulting.ch/]",https://wollconsulting.ch/iso-27001-tisax/
